model_scenario_number,model_run,model_error,well,computational_time,C0,C1,C2,C3,NcompactionIterations,ahe_method,alpha,annealing_equation,annealing_kinetic_param,annealing_kinetics_values,auto_calibrate_VR,binsize,calculate_thermochron_for_all_nodes,contour_variable,correct_exhumation_duration,csv_save_interval,datafile_output_dir,decay_constant_232Th,decay_constant_235U,decay_constant_238U,exhumation_duration_factor,exhumation_period_ends,exhumation_period_starts,exhumation_segment_factor,exhumed_strat_units,exhumed_thicknesses,fig_adj,gof_weights,heatflow_ages,heatflow_history,log_tT_paths,make_model_data_fig,max_decompaction_error,max_hf_timestep,max_thickness,original_thicknesses,output_dir,provenance_start_temp,provenance_time_nt,resample_timesteps,save_model_run_data,show_strat_column,show_thermochron_data,simulate_AFT,simulate_He,simulate_VR,simulate_salinity,two_stage_exhumation,use_caxis_correction,use_strat_map_input,vr_unc_sigma,wells,well,T_gof,vr_gof,aft_age_gof,aft_age_error,he_gof,he_error,mean_gof,resetting_depth_model_min,resetting_depth_model_max,resetting_depth_data_min,non-resetting_depth_data_max,max_temperature,max_present_temperature,max_depth,vr_surface,vr_bottom,aft_age_surface_min,aft_age_surface_max,aft_age_bottom_min,aft_age_bottom_max,full_resetting_depth_aft_model_min,full_resetting_depth_aft_model_max,full_resetting_T_aft_model_min,partial_resetting_depth_aft_model_min,partial_resetting_depth_aft_model_max,vr_rmse,start_exhumation_phase_0,end_exhumation_phase_0,mean_cooling_exhumation_phase_0,min_cooling_exhumation_phase_0,max_cooling_exhumation_phase_0,exhumed_thicknesses_0
0,,,KDK-01,,0.39528,0.01073,-65.12969,-7.91715,5,Farley2000,0.04672,FC,Clwt,[0.0001 0.02  ],False,0.25,True,temperature,True,1,model_output/without_anomalies/thermal_history_datafiles,1.57e-18,3.12e-17,4.916e-18,0.5,[65.],[90.],0.5,[['ATBRM']],[0.],['png'],"[0.3333333333333333, 0.3333333333333333, 0.3333333333333333, 0.3333333333333333]",[  0. 300.],[0.054 0.054],True,True,0.01,10000.0,100.0,[[1200.0]],model_output/without_anomalies,120.0,100,10,True,False,True,True,False,True,False,False,False,False,0.1,['KDK-01'],KDK-01,0.0,0.3290990066827913,0.39166166288235155,235.10975593843136,,,,,,,,63.18456180544472,63.18456180544472,2205.195045020053,0.21133750464650086,0.4331815711069337,196.29296375126324,439.10830777786384,228.66220874852124,389.0630295212119,-99999.9,-99999.9,-99999.9,1907.7456823921268,-99999.9,0.13243861417039013,,,,,,0.0
1,,,KDK-01,,0.39528,0.01073,-65.12969,-7.91715,5,Farley2000,0.04672,FC,Clwt,[0.0001 0.02  ],False,0.25,True,temperature,True,1,model_output/without_anomalies/thermal_history_datafiles,1.57e-18,3.12e-17,4.916e-18,0.5,[65.],[90.],0.5,[['ATBRM']],[0.],['png'],"[0.3333333333333333, 0.3333333333333333, 0.3333333333333333, 0.3333333333333333]",[  0. 300.],[0.056 0.056],True,True,0.01,10000.0,100.0,[[1200.0]],model_output/without_anomalies,120.0,100,10,True,False,True,True,False,True,False,False,False,False,0.1,['KDK-01'],KDK-01,0.0,0.3379525084784195,0.39308508715116824,234.0649298996077,,,,,,,,65.17011678946669,65.17011678946669,2205.195045020053,0.21133750464649798,0.44020299057141626,196.2929637512634,439.10830777786384,225.01133235854158,386.2971793127549,-99999.9,-99999.9,-99999.9,1874.9957037243144,-99999.9,0.13038797969694685,,,,,,0.0
2,,,KDK-01,,0.39528,0.01073,-65.12969,-7.91715,5,Farley2000,0.04672,FC,Clwt,[0.0001 0.02  ],False,0.25,True,temperature,True,1,model_output/without_anomalies/thermal_history_datafiles,1.57e-18,3.12e-17,4.916e-18,0.5,[65.],[90.],0.5,[['ATBRM']],[0.],['png'],"[0.3333333333333333, 0.3333333333333333, 0.3333333333333333, 0.3333333333333333]",[  0. 300.],[0.058 0.058],True,True,0.01,10000.0,100.0,[[1200.0]],model_output/without_anomalies,120.0,100,10,True,False,True,True,False,True,False,False,False,False,0.1,['KDK-01'],KDK-01,0.16666666666666666,0.3474770332299563,0.395508870998605,232.96501893931924,,,,,,,,67.15567177347494,67.15567177347494,2205.195045020053,0.21133750464648896,0.4485146597802654,196.29296375126324,439.108307777864,221.13507206649243,383.45103249737036,-99999.9,-99999.9,-99999.9,1861.5957145416107,-99999.9,0.12833624002238722,,,,,,0.0
3,,,KDK-01,,0.39528,0.01073,-65.12969,-7.91715,5,Farley2000,0.04672,FC,Clwt,[0.0001 0.02  ],False,0.25,True,temperature,True,1,model_output/without_anomalies/thermal_history_datafiles,1.57e-18,3.12e-17,4.916e-18,0.5,[65.],[90.],0.5,[['ATBRM']],[0.],['png'],"[0.3333333333333333, 0.3333333333333333, 0.3333333333333333, 0.3333333333333333]",[  0. 300.],[0.06 0.06],True,True,0.01,10000.0,100.0,[[1200.0]],model_output/without_anomalies,120.0,100,10,True,False,True,True,False,True,False,False,False,False,0.1,['KDK-01'],KDK-01,0.3333333333333333,0.3576990767966901,0.3984986986398314,231.8071479232861,,,,,,,,69.14122675749694,69.14122675749694,2205.195045020053,0.21133750464649725,0.45802749951452276,196.2929637512634,439.10830777786424,216.99521287865085,380.5221097929485,-99999.9,-99999.9,-99999.9,1821.9957063318889,-99999.9,0.1262716680007748,,,,,,0.0
4,,,KDK-01,,0.39528,0.01073,-65.12969,-7.91715,5,Farley2000,0.04672,FC,Clwt,[0.0001 0.02  ],False,0.25,True,temperature,True,1,model_output/without_anomalies/thermal_history_datafiles,1.57e-18,3.12e-17,4.916e-18,0.5,[65.],[90.],0.5,[['ATBRM']],[0.],['png'],"[0.3333333333333333, 0.3333333333333333, 0.3333333333333333, 0.3333333333333333]",[  0. 300.],[0.062 0.062],True,True,0.01,10000.0,100.0,[[1200.0]],model_output/without_anomalies,120.0,100,10,True,False,True,True,False,True,False,False,False,False,0.1,['KDK-01'],KDK-01,0.3333333333333333,0.36863259641429225,0.4009362681679499,230.59166927810602,,,,,,,,71.12678174151277,71.12678174151277,2205.195045020053,0.21133750464648965,0.46841210643268893,196.29296375126333,439.10830777786396,213.92958340015323,377.5077975357124,-99999.9,-99999.9,-99999.9,1821.9957063318889,-99999.9,0.12417501687460504,,,,,,0.0
5,,,KDK-01,,0.39528,0.01073,-65.12969,-7.91715,5,Farley2000,0.04672,FC,Clwt,[0.0001 0.02  ],False,0.25,True,temperature,True,1,model_output/without_anomalies/thermal_history_datafiles,1.57e-18,3.12e-17,4.916e-18,0.5,[65.],[90.],0.5,[['ATBRM']],[0.],['png'],"[0.3333333333333333, 0.3333333333333333, 0.3333333333333333, 0.3333333333333333]",[  0. 300.],[0.064 0.064],True,True,0.01,10000.0,100.0,[[1200.0]],model_output/without_anomalies,120.0,100,10,True,False,True,True,False,True,False,False,False,False,0.1,['KDK-01'],KDK-01,0.3333333333333333,0.3802859489529867,0.40455143448250624,229.31916627141337,,,,,,,,73.11233672553507,73.11233672553507,2205.195045020053,0.2113375046464961,0.47910878499794324,196.29296375126341,439.108307777864,205.54777990358303,374.4053433155271,-99999.9,-99999.9,-99999.9,1771.595698122167,-99999.9,0.12201931941475119,,,,,,0.0
6,,,KDK-01,,0.39528,0.01073,-65.12969,-7.91715,5,Farley2000,0.04672,FC,Clwt,[0.0001 0.02  ],False,0.25,True,temperature,True,1,model_output/without_anomalies/thermal_history_datafiles,1.57e-18,3.12e-17,4.916e-18,0.5,[65.],[90.],0.5,[['ATBRM']],[0.],['png'],"[0.3333333333333333, 0.3333333333333333, 0.3333333333333333, 0.3333333333333333]",[  0. 300.],[0.066 0.066],True,True,0.01,10000.0,100.0,[[1200.0]],model_output/without_anomalies,120.0,100,10,True,False,True,True,False,True,False,False,False,False,0.1,['KDK-01'],KDK-01,0.3333333333333333,0.3926723032706303,0.4068212894065454,228.03440709421164,,,,,,,,75.097891709555,75.097891709555,2205.195045020053,0.21133750464649623,0.4894361253874531,196.29296375126327,439.108307777864,195.63291748358316,371.2118507168549,-99999.9,-99999.9,-99999.9,1749.0457722142385,-99999.9,0.11977098870089274,,,,,,0.0
7,,,KDK-01,,0.39528,0.01073,-65.12969,-7.91715,5,Farley2000,0.04672,FC,Clwt,[0.0001 0.02  ],False,0.25,True,temperature,True,1,model_output/without_anomalies/thermal_history_datafiles,1.57e-18,3.12e-17,4.916e-18,0.5,[65.],[90.],0.5,[['ATBRM']],[0.],['png'],"[0.3333333333333333, 0.3333333333333333, 0.3333333333333333, 0.3333333333333333]",[  0. 300.],[0.068 0.068],True,True,0.01,10000.0,100.0,[[1200.0]],model_output/without_anomalies,120.0,100,10,True,False,True,True,False,True,False,False,False,False,0.1,['KDK-01'],KDK-01,0.3333333333333333,0.4058178978456158,0.4130711442658053,225.81079674475646,,,,,,,,77.08344669357733,77.08344669357733,2205.195045020053,0.21133750464650297,0.4988454900182243,196.29296375126344,439.10830777786384,184.19336047147084,367.92427311181694,-99999.9,-99999.9,-99999.9,1737.2958463063098,-99999.9,0.11739324561610076,,,,,,0.0
8,,,KDK-01,,0.39528,0.01073,-65.12969,-7.91715,5,Farley2000,0.04672,FC,Clwt,[0.0001 0.02  ],False,0.25,True,temperature,True,1,model_output/without_anomalies/thermal_history_datafiles,1.57e-18,3.12e-17,4.916e-18,0.5,[65.],[90.],0.5,[['ATBRM']],[0.],['png'],"[0.3333333333333333, 0.3333333333333333, 0.3333333333333333, 0.3333333333333333]",[  0. 300.],[0.07 0.07],True,True,0.01,10000.0,100.0,[[1200.0]],model_output/without_anomalies,120.0,100,10,True,False,True,True,False,True,False,False,False,False,0.1,['KDK-01'],KDK-01,0.3333333333333333,0.419762872710008,0.4186871331387885,223.26717946275016,,,,,,,,79.06900167759052,79.06900167759052,2205.195045020053,0.211337504646491,0.5072368829672811,196.29296375126344,439.108307777864,171.24542370175502,364.53940644541996,-99999.9,-99999.9,-99999.9,1721.2458987241273,-99999.9,0.11485168334021846,,,,,,0.0
9,,,KDK-01,,0.39528,0.01073,-65.12969,-7.91715,5,Farley2000,0.04672,FC,Clwt,[0.0001 0.02  ],False,0.25,True,temperature,True,1,model_output/without_anomalies/thermal_history_datafiles,1.57e-18,3.12e-17,4.916e-18,0.5,[65.],[90.],0.5,[['ATBRM']],[0.],['png'],"[0.3333333333333333, 0.3333333333333333, 0.3333333333333333, 0.3333333333333333]",[  0. 300.],[0.072 0.072],True,True,0.01,10000.0,100.0,[[1200.0]],model_output/without_anomalies,120.0,100,10,True,False,True,True,False,True,False,False,False,False,0.1,['KDK-01'],KDK-01,0.3333333333333333,0.4345525768277837,0.4285198918230706,220.40419064705384,,,,,,,,81.05455666161112,81.05455666161112,2205.195045020053,0.21133750464649553,0.5151103136801237,196.29296375126333,439.1083077778642,156.8878649844226,361.05388094628876,-99999.9,-99999.9,-99999.9,1705.1959511419448,-99999.9,0.11212039191510087,,,,,,0.0
10,,,KDK-01,,0.39528,0.01073,-65.12969,-7.91715,5,Farley2000,0.04672,FC,Clwt,[0.0001 0.02  ],False,0.25,True,temperature,True,1,model_output/without_anomalies/thermal_history_datafiles,1.57e-18,3.12e-17,4.916e-18,0.5,[65.],[90.],0.5,[['ATBRM']],[0.],['png'],"[0.3333333333333333, 0.3333333333333333, 0.3333333333333333, 0.3333333333333333]",[  0. 300.],[0.074 0.074],True,True,0.01,10000.0,100.0,[[1200.0]],model_output/without_anomalies,120.0,100,10,True,False,True,True,False,True,False,False,False,False,0.1,['KDK-01'],KDK-01,0.6666666666666666,0.45022226933465603,0.4416987057798914,217.2055928302059,,,,,,,,83.0401116456286,83.0401116456286,2205.195045020053,0.21133750464649373,0.5233652249457944,196.29296375126333,439.1083077778643,141.23354648990326,357.4641516880646,-99999.9,-99999.9,-99999.9,1705.1959511419448,-99999.9,0.10918680002356493,,,,,,0.0
11,,,KDK-01,,0.39528,0.01073,-65.12969,-7.91715,5,Farley2000,0.04672,FC,Clwt,[0.0001 0.02  ],False,0.25,True,temperature,True,1,model_output/without_anomalies/thermal_history_datafiles,1.57e-18,3.12e-17,4.916e-18,0.5,[65.],[90.],0.5,[['ATBRM']],[0.],['png'],"[0.3333333333333333, 0.3333333333333333, 0.3333333333333333, 0.3333333333333333]",[  0. 300.],[0.076 0.076],True,True,0.01,10000.0,100.0,[[1200.0]],model_output/without_anomalies,120.0,100,10,True,False,True,True,False,True,False,False,False,False,0.1,['KDK-01'],KDK-01,0.6666666666666666,0.46678379878080806,0.45887195956681637,213.70355883821213,,,,,,,,85.02566662965052,85.02566662965052,2205.195045020053,0.21133750464649975,0.5328592122306589,196.2929637512632,439.1083077778643,124.79487348707502,353.7664879155212,-99999.9,-99999.9,-99999.9,1705.1959511419448,-99999.9,0.1060543900961473,,,,,,0.0
12,,,KDK-01,,0.39528,0.01073,-65.12969,-7.91715,5,Farley2000,0.04672,FC,Clwt,[0.0001 0.02  ],False,0.25,True,temperature,True,1,model_output/without_anomalies/thermal_history_datafiles,1.57e-18,3.12e-17,4.916e-18,0.5,[65.],[90.],0.5,[['ATBRM']],[0.],['png'],"[0.3333333333333333, 0.3333333333333333, 0.3333333333333333, 0.3333333333333333]",[  0. 300.],[0.078 0.078],True,True,0.01,10000.0,100.0,[[1200.0]],model_output/without_anomalies,120.0,100,10,True,False,True,True,False,True,False,False,False,False,0.1,['KDK-01'],KDK-01,1.0,0.484226467029795,0.47620780443848193,209.96205199670612,,,,,,,,87.01122161366762,87.01122161366762,2205.195045020053,0.21133750464650045,0.5440713839037006,196.2929637512634,439.10830777786424,107.67535460588921,349.9569610333571,-99999.9,-99999.9,-99999.9,1705.1959511419448,-99999.9,0.10274361055701846,,,,,,0.0
13,,,KDK-01,,0.39528,0.01073,-65.12969,-7.91715,5,Farley2000,0.04672,FC,Clwt,[0.0001 0.02  ],False,0.25,True,temperature,True,1,model_output/without_anomalies/thermal_history_datafiles,1.57e-18,3.12e-17,4.916e-18,0.5,[65.],[90.],0.5,[['ATBRM']],[0.],['png'],"[0.3333333333333333, 0.3333333333333333, 0.3333333333333333, 0.3333333333333333]",[  0. 300.],[0.08 0.08],True,True,0.01,10000.0,100.0,[[1200.0]],model_output/without_anomalies,120.0,100,10,True,False,True,True,False,True,False,False,False,False,0.1,['KDK-01'],KDK-01,1.0,0.5025406879780785,0.49255178523177456,206.5635745459136,,,,,,,,88.99677659768842,88.99677659768842,2205.195045020053,0.2113375046465004,0.55702978896303,196.2929637512632,439.1083077778639,89.98240412670106,346.03143113291173,-99999.9,-99999.9,-99999.9,1705.1959511419448,-99999.9,0.09929165215940057,,,,,,0.0
14,,,KDK-01,,0.39528,0.01073,-65.12969,-7.91715,5,Farley2000,0.04672,FC,Clwt,[0.0001 0.02  ],False,0.25,True,temperature,True,1,model_output/without_anomalies/thermal_history_datafiles,1.57e-18,3.12e-17,4.916e-18,0.5,[65.],[90.],0.5,[['ATBRM']],[0.],['png'],"[0.3333333333333333, 0.3333333333333333, 0.3333333333333333, 0.3333333333333333]",[  0. 300.],[0.082 0.082],True,True,0.01,10000.0,100.0,[[1200.0]],model_output/without_anomalies,120.0,100,10,True,False,True,True,False,True,False,False,False,False,0.1,['KDK-01'],KDK-01,1.0,0.5217585250217175,0.5159636009426906,201.96355516861428,,,,,,,,90.9823315817067,90.9823315817067,2205.195045020053,0.21133750464649684,0.5713461019508987,196.2929637512636,439.10830777786384,71.96433676550687,341.9855319020379,-99999.9,-99999.9,-99999.9,1705.1959511419448,-99999.9,0.09575128369488056,,,,,,0.0
15,,,KDK-01,,0.39528,0.01073,-65.12969,-7.91715,5,Farley2000,0.04672,FC,Clwt,[0.0001 0.02  ],False,0.25,True,temperature,True,1,model_output/without_anomalies/thermal_history_datafiles,1.57e-18,3.12e-17,4.916e-18,0.5,[65.],[90.],0.5,[['ATBRM']],[0.],['png'],"[0.3333333333333333, 0.3333333333333333, 0.3333333333333333, 0.3333333333333333]",[  0. 300.],[0.084 0.084],True,True,0.01,10000.0,100.0,[[1200.0]],model_output/without_anomalies,120.0,100,10,True,False,True,True,False,True,False,False,False,False,0.1,['KDK-01'],KDK-01,1.0,0.5419859050056423,0.5492225336876143,196.9705366042599,,,,,,,,92.96788656571782,92.96788656571782,2205.195045020053,0.21133750464649087,0.5862370272147424,196.29296375126333,439.10830777786384,54.08482310932395,337.8146537257988,-99999.9,-99999.9,-99999.9,1701.7459731556241,-99999.9,0.09218821940429799,,,,,,0.0
16,,,KDK-01,,0.39528,0.01073,-65.12969,-7.91715,5,Farley2000,0.04672,FC,Clwt,[0.0001 0.02  ],False,0.25,True,temperature,True,1,model_output/without_anomalies/thermal_history_datafiles,1.57e-18,3.12e-17,4.916e-18,0.5,[65.],[90.],0.5,[['ATBRM']],[0.],['png'],"[0.3333333333333333, 0.3333333333333333, 0.3333333333333333, 0.3333333333333333]",[  0. 300.],[0.086 0.086],True,True,0.01,10000.0,100.0,[[1200.0]],model_output/without_anomalies,120.0,100,10,True,False,True,True,False,True,False,False,False,False,0.1,['KDK-01'],KDK-01,1.0,0.5611709652703568,0.5830387337058291,191.61730523857116,,,,,,,,94.95344154974407,94.95344154974407,2205.195045020053,0.21133750464649637,0.6006270531441699,196.29296375126344,439.1083077778639,37.22144302621582,333.5139247412072,-99999.9,-99999.9,-99999.9,1698.2959951693035,-99999.9,0.08867599684042946,,,,,,0.0
17,,,KDK-01,,0.39528,0.01073,-65.12969,-7.91715,5,Farley2000,0.04672,FC,Clwt,[0.0001 0.02  ],False,0.25,True,temperature,True,1,model_output/without_anomalies/thermal_history_datafiles,1.57e-18,3.12e-17,4.916e-18,0.5,[65.],[90.],0.5,[['ATBRM']],[0.],['png'],"[0.3333333333333333, 0.3333333333333333, 0.3333333333333333, 0.3333333333333333]",[  0. 300.],[0.088 0.088],True,True,0.01,10000.0,100.0,[[1200.0]],model_output/without_anomalies,120.0,100,10,True,False,True,True,False,True,False,False,False,False,0.1,['KDK-01'],KDK-01,1.0,0.5780527023039278,0.6084763025657236,185.93343747741358,,,,,,,,96.93899653376695,96.93899653376695,2205.195045020053,0.2113375046465043,0.613460633996573,196.29296375126358,439.10830777786424,24.385180370336926,329.0781895577634,-99999.9,-99999.9,-99999.9,1691.6460561614979,-99999.9,0.08528748136605178,,,,,,0.0
18,,,KDK-01,,0.39528,0.01073,-65.12969,-7.91715,5,Farley2000,0.04672,FC,Clwt,[0.0001 0.02  ],False,0.25,True,temperature,True,1,model_output/without_anomalies/thermal_history_datafiles,1.57e-18,3.12e-17,4.916e-18,0.5,[65.],[90.],0.5,[['ATBRM']],[0.],['png'],"[0.3333333333333333, 0.3333333333333333, 0.3333333333333333, 0.3333333333333333]",[  0. 300.],[0.09 0.09],True,True,0.01,10000.0,100.0,[[1200.0]],model_output/without_anomalies,120.0,100,10,True,False,True,True,False,True,False,False,False,False,0.1,['KDK-01'],KDK-01,1.0,0.5958740488304429,0.6298454078856105,180.14013304466056,,,,,,,,98.92455151778398,98.92455151778398,2205.195045020053,0.2113375046465028,0.6241829961843265,196.29296375126333,439.1083077778643,16.412881912011603,324.50198529684207,-99999.9,-99999.9,-99999.9,1684.9961171536922,-99999.9,0.08208316480880452,,,,,,0.0
19,,,KDK-01,,0.39528,0.01073,-65.12969,-7.91715,5,Farley2000,0.04672,FC,Clwt,[0.0001 0.02  ],False,0.25,True,temperature,True,1,model_output/without_anomalies/thermal_history_datafiles,1.57e-18,3.12e-17,4.916e-18,0.5,[65.],[90.],0.5,[['ATBRM']],[250.],['png'],"[0.3333333333333333, 0.3333333333333333, 0.3333333333333333, 0.3333333333333333]",[  0. 300.],[0.054 0.054],True,True,0.01,10000.0,100.0,[[1200.0]],model_output/without_anomalies,120.0,100,10,True,False,True,True,False,True,False,False,False,False,0.1,['KDK-01'],KDK-01,0.0,0.35226794863855987,0.3926893798305842,234.66545363003473,,,,,,,,63.18456180544838,63.18456180544838,2205.195045020053,0.21133750464650783,0.438976886532826,196.29296375126327,439.10830777786424,227.5460464971886,387.88071072122426,-99999.9,-99999.9,-99999.9,1874.9957037243144,-99999.9,0.12729065372871437,90.0,65.5,8.881842517727533,8.878152728838806,8.89289875580916,250.0
20,,,KDK-01,,0.39528,0.01073,-65.12969,-7.91715,5,Farley2000,0.04672,FC,Clwt,[0.0001 0.02  ],False,0.25,True,temperature,True,1,model_output/without_anomalies/thermal_history_datafiles,1.57e-18,3.12e-17,4.916e-18,0.5,[65.],[90.],0.5,[['ATBRM']],[250.],['png'],"[0.3333333333333333, 0.3333333333333333, 0.3333333333333333, 0.3333333333333333]",[  0. 300.],[0.056 0.056],True,True,0.01,10000.0,100.0,[[1200.0]],model_output/without_anomalies,120.0,100,10,True,False,True,True,False,True,False,False,False,False,0.1,['KDK-01'],KDK-01,0.0,0.3616288574282312,0.39448042051094323,233.5751630155086,,,,,,,,65.17011678945983,65.17011678945983,2205.195045020053,0.21133750464649792,0.4472492105752756,196.29296375126341,439.1083077778643,223.75879261215022,385.0362443446177,-99999.9,-99999.9,-99999.9,1861.5957145416107,-99999.9,0.12544650415896771,90.0,65.5,9.171674920512414,9.167863919537872,9.18309436374475,250.0
21,,,KDK-01,,0.39528,0.01073,-65.12969,-7.91715,5,Farley2000,0.04672,FC,Clwt,[0.0001 0.02  ],False,0.25,True,temperature,True,1,model_output/without_anomalies/thermal_history_datafiles,1.57e-18,3.12e-17,4.916e-18,0.5,[65.],[90.],0.5,[['ATBRM']],[250.],['png'],"[0.3333333333333333, 0.3333333333333333, 0.3333333333333333, 0.3333333333333333]",[  0. 300.],[0.058 0.058],True,True,0.01,10000.0,100.0,[[1200.0]],model_output/without_anomalies,120.0,100,10,True,False,True,True,False,True,False,False,False,False,0.1,['KDK-01'],KDK-01,0.16666666666666666,0.37153809006233096,0.3970703859221234,232.4278960550978,,,,,,,,67.15567177347722,67.15567177347722,2205.195045020053,0.21133750464649187,0.45678351560682234,196.29296375126324,439.10830777786424,219.73277221442638,382.10913752187605,-99999.9,-99999.9,-99999.9,1861.5957145416107,-99999.9,0.12358292474187958,90.0,65.5,9.461507323289226,9.457575110228142,9.47328997167621,250.0
22,,,KDK-01,,0.39528,0.01073,-65.12969,-7.91715,5,Farley2000,0.04672,FC,Clwt,[0.0001 0.02  ],False,0.25,True,temperature,True,1,model_output/without_anomalies/thermal_history_datafiles,1.57e-18,3.12e-17,4.916e-18,0.5,[65.],[90.],0.5,[['ATBRM']],[250.],['png'],"[0.3333333333333333, 0.3333333333333333, 0.3333333333333333, 0.3333333333333333]",[  0. 300.],[0.06 0.06],True,True,0.01,10000.0,100.0,[[1200.0]],model_output/without_anomalies,120.0,100,10,True,False,True,True,False,True,False,False,False,False,0.1,['KDK-01'],KDK-01,0.3333333333333333,0.3820473391520161,0.3995028692543394,231.221026075598,,,,,,,,69.14122675749462,69.14122675749462,2205.195045020053,0.21133750464649478,0.46726297679351264,196.29296375126364,439.1083077778642,217.40933794399407,379.09694970430166,-99999.9,-99999.9,-99999.9,1821.9957063318889,-99999.9,0.12166321399692968,90.0,65.5,9.751339726072521,9.747286300927506,9.763485579598143,250.0
23,,,KDK-01,,0.39528,0.01073,-65.12969,-7.91715,5,Farley2000,0.04672,FC,Clwt,[0.0001 0.02  ],False,0.25,True,temperature,True,1,model_output/without_anomalies/thermal_history_datafiles,1.57e-18,3.12e-17,4.916e-18,0.5,[65.],[90.],0.5,[['ATBRM']],[250.],['png'],"[0.3333333333333333, 0.3333333333333333, 0.3333333333333333, 0.3333333333333333]",[  0. 300.],[0.062 0.062],True,True,0.01,10000.0,100.0,[[1200.0]],model_output/without_anomalies,120.0,100,10,True,False,True,True,False,True,False,False,False,False,0.1,['KDK-01'],KDK-01,0.3333333333333333,0.3932143270140854,0.40234586585241494,229.9521758793932,,,,,,,,71.12678174152076,71.12678174152076,2205.195045020053,0.21133750464650092,0.478123288119305,196.2929637512634,439.1083077778643,209.15723515209885,375.99710925091324,-99999.9,-99999.9,-99999.9,1771.595698122167,-99999.9,0.11964984286123266,90.0,65.5,10.041172128850864,10.036997491619303,10.053681187536352,250.0
24,,,KDK-01,,0.39528,0.01073,-65.12969,-7.91715,5,Farley2000,0.04672,FC,Clwt,[0.0001 0.02  ],False,0.25,True,temperature,True,1,model_output/without_anomalies/thermal_history_datafiles,1.57e-18,3.12e-17,4.916e-18,0.5,[65.],[90.],0.5,[['ATBRM']],[250.],['png'],"[0.3333333333333333, 0.3333333333333333, 0.3333333333333333, 0.3333333333333333]",[  0. 300.],[0.064 0.064],True,True,0.01,10000.0,100.0,[[1200.0]],model_output/without_anomalies,120.0,100,10,True,False,True,True,False,True,False,False,False,False,0.1,['KDK-01'],KDK-01,0.3333333333333333,0.4050983929165142,0.40628207250159454,228.72340476168534,,,,,,,,73.1123367255365,73.1123367255365,2205.195045020053,0.21133750464649298,0.4886561514983654,196.2929637512635,439.1083077778639,199.64502666239775,372.80690882825564,-99999.9,-99999.9,-99999.9,1749.0457722142382,-99999.9,0.11750893947028362,90.0,65.5,10.331004531638415,10.326708682315484,10.343876795490747,250.0
25,,,KDK-01,,0.39528,0.01073,-65.12969,-7.91715,5,Farley2000,0.04672,FC,Clwt,[0.0001 0.02  ],False,0.25,True,temperature,True,1,model_output/without_anomalies/thermal_history_datafiles,1.57e-18,3.12e-17,4.916e-18,0.5,[65.],[90.],0.5,[['ATBRM']],[250.],['png'],"[0.3333333333333333, 0.3333333333333333, 0.3333333333333333, 0.3333333333333333]",[  0. 300.],[0.066 0.066],True,True,0.01,10000.0,100.0,[[1200.0]],model_output/without_anomalies,120.0,100,10,True,False,True,True,False,True,False,False,False,False,0.1,['KDK-01'],KDK-01,0.3333333333333333,0.4177514072125858,0.41029120541472375,226.50535728300503,,,,,,,,75.09789170955491,75.09789170955491,2205.195045020053,0.211337504646498,0.49826776231682224,196.29296375126336,439.1083077778642,188.95901418581232,369.52349980995353,-99999.9,-99999.9,-99999.9,1737.2958463063096,-99999.9,0.1152140892591639,90.0,65.5,10.620836934419472,10.616419873009342,10.634072403421591,250.0
26,,,KDK-01,,0.39528,0.01073,-65.12969,-7.91715,5,Farley2000,0.04672,FC,Clwt,[0.0001 0.02  ],False,0.25,True,temperature,True,1,model_output/without_anomalies/thermal_history_datafiles,1.57e-18,3.12e-17,4.916e-18,0.5,[65.],[90.],0.5,[['ATBRM']],[250.],['png'],"[0.3333333333333333, 0.3333333333333333, 0.3333333333333333, 0.3333333333333333]",[  0. 300.],[0.068 0.068],True,True,0.01,10000.0,100.0,[[1200.0]],model_output/without_anomalies,120.0,100,10,True,False,True,True,False,True,False,False,False,False,0.1,['KDK-01'],KDK-01,0.3333333333333333,0.43120595080012303,0.41778851905709946,224.03644228314897,,,,,,,,77.08344669357379,77.08344669357379,2205.195045020053,0.2113375046464975,0.5068134683831792,196.29296375126336,439.10830777786384,177.17700023374928,366.1438856254884,-99999.9,-99999.9,-99999.9,1721.245898724127,-99999.9,0.11274869586242033,90.0,65.5,10.910669337192932,10.906131063688449,10.924268011380512,250.0
27,,,KDK-01,,0.39528,0.01073,-65.12969,-7.91715,5,Farley2000,0.04672,FC,Clwt,[0.0001 0.02  ],False,0.25,True,temperature,True,1,model_output/without_anomalies/thermal_history_datafiles,1.57e-18,3.12e-17,4.916e-18,0.5,[65.],[90.],0.5,[['ATBRM']],[250.],['png'],"[0.3333333333333333, 0.3333333333333333, 0.3333333333333333, 0.3333333333333333]",[  0. 300.],[0.07 0.07],True,True,0.01,10000.0,100.0,[[1200.0]],model_output/without_anomalies,120.0,100,10,True,False,True,True,False,True,False,False,False,False,0.1,['KDK-01'],KDK-01,0.3333333333333333,0.4454647575381087,0.4252306634147775,221.32385715671143,,,,,,,,79.06900167759437,79.06900167759437,2205.195045020053,0.21133750464650078,0.5147730043840218,196.29296375126358,439.10830777786384,164.60066080838612,362.66491400316386,-99999.9,-99999.9,-99999.9,1705.1959511419445,-99999.9,0.11010685238868961,90.0,65.5,11.200501739975724,11.195842254390755,11.21446361929491,250.0
28,,,KDK-01,,0.39528,0.01073,-65.12969,-7.91715,5,Farley2000,0.04672,FC,Clwt,[0.0001 0.02  ],False,0.25,True,temperature,True,1,model_output/without_anomalies/thermal_history_datafiles,1.57e-18,3.12e-17,4.916e-18,0.5,[65.],[90.],0.5,[['ATBRM']],[250.],['png'],"[0.3333333333333333, 0.3333333333333333, 0.3333333333333333, 0.3333333333333333]",[  0. 300.],[0.072 0.072],True,True,0.01,10000.0,100.0,[[1200.0]],model_output/without_anomalies,120.0,100,10,True,False,True,True,False,True,False,False,False,False,0.1,['KDK-01'],KDK-01,0.3333333333333333,0.46049709476913503,0.43617594879009775,218.38441619041623,,,,,,,,81.05455666161284,81.05455666161284,2205.195045020053,0.21133750464649712,0.5230576222495382,196.29296375126333,439.10830777786424,150.55494768799815,359.0832680467296,-99999.9,-99999.9,-99999.9,1705.1959511419445,-99999.9,0.1072932176534118,90.0,65.5,11.490334142755202,11.485553445090204,11.504659227209824,250.0
29,,,KDK-01,,0.39528,0.01073,-65.12969,-7.91715,5,Farley2000,0.04672,FC,Clwt,[0.0001 0.02  ],False,0.25,True,temperature,True,1,model_output/without_anomalies/thermal_history_datafiles,1.57e-18,3.12e-17,4.916e-18,0.5,[65.],[90.],0.5,[['ATBRM']],[250.],['png'],"[0.3333333333333333, 0.3333333333333333, 0.3333333333333333, 0.3333333333333333]",[  0. 300.],[0.074 0.074],True,True,0.01,10000.0,100.0,[[1200.0]],model_output/without_anomalies,120.0,100,10,True,False,True,True,False,True,False,False,False,False,0.1,['KDK-01'],KDK-01,0.6666666666666666,0.476248180713279,0.4502190734950986,215.27186991023646,,,,,,,,83.04011164562993,83.04011164562993,2205.195045020053,0.21133750464649556,0.5325521204065928,196.29296375126367,439.1083077778644,134.61138078270181,355.39545607636734,-99999.9,-99999.9,-99999.9,1705.1959511419445,-99999.9,0.10432250758211659,90.0,65.5,11.780166545535385,11.775264635779493,11.79485483515814,250.0
30,,,KDK-01,,0.39528,0.01073,-65.12969,-7.91715,5,Farley2000,0.04672,FC,Clwt,[0.0001 0.02  ],False,0.25,True,temperature,True,1,model_output/without_anomalies/thermal_history_datafiles,1.57e-18,3.12e-17,4.916e-18,0.5,[65.],[90.],0.5,[['ATBRM']],[250.],['png'],"[0.3333333333333333, 0.3333333333333333, 0.3333333333333333, 0.3333333333333333]",[  0. 300.],[0.076 0.076],True,True,0.01,10000.0,100.0,[[1200.0]],model_output/without_anomalies,120.0,100,10,True,False,True,True,False,True,False,False,False,False,0.1,['KDK-01'],KDK-01,0.6666666666666666,0.4926647390376646,0.46840769462333204,211.71543056885736,,,,,,,,85.02566662964722,85.02566662964722,2205.195045020053,0.21133750464649664,0.5437562835591279,196.29296375126344,439.10830777786396,117.89793983371851,351.597800150918,-99999.9,-99999.9,-99999.9,1705.1959511419445,-99999.9,0.10121903942171141,90.0,65.5,12.069998948320169,12.064975826476037,12.08505044309899,250.0
31,,,KDK-01,,0.39528,0.01073,-65.12969,-7.91715,5,Farley2000,0.04672,FC,Clwt,[0.0001 0.02  ],False,0.25,True,temperature,True,1,model_output/without_anomalies/thermal_history_datafiles,1.57e-18,3.12e-17,4.916e-18,0.5,[65.],[90.],0.5,[['ATBRM']],[250.],['png'],"[0.3333333333333333, 0.3333333333333333, 0.3333333333333333, 0.3333333333333333]",[  0. 300.],[0.078 0.078],True,True,0.01,10000.0,100.0,[[1200.0]],model_output/without_anomalies,120.0,100,10,True,False,True,True,False,True,False,False,False,False,0.1,['KDK-01'],KDK-01,1.0,0.5097318329753616,0.48612282782072064,208.13465527108232,,,,,,,,87.01122161366622,87.01122161366622,2205.195045020053,0.21133750464649936,0.5567062757313429,196.29296375126336,439.1083077778643,100.59579419375366,347.68642316754256,-99999.9,-99999.9,-99999.9,1705.1959511419445,-99999.9,0.09801648511537375,90.0,65.5,12.359831351095853,12.354687017163762,12.375246051033255,250.0
32,,,KDK-01,,0.39528,0.01073,-65.12969,-7.91715,5,Farley2000,0.04672,FC,Clwt,[0.0001 0.02  ],False,0.25,True,temperature,True,1,model_output/without_anomalies/thermal_history_datafiles,1.57e-18,3.12e-17,4.916e-18,0.5,[65.],[90.],0.5,[['ATBRM']],[250.],['png'],"[0.3333333333333333, 0.3333333333333333, 0.3333333333333333, 0.3333333333333333]",[  0. 300.],[0.08 0.08],True,True,0.01,10000.0,100.0,[[1200.0]],model_output/without_anomalies,120.0,100,10,True,False,True,True,False,True,False,False,False,False,0.1,['KDK-01'],KDK-01,1.0,0.5275057797841523,0.5072351540897551,203.46970216364494,,,,,,,,88.99677659768365,88.99677659768365,2205.195045020053,0.21133750464649317,0.5710159235427672,196.2929637512632,439.1083077778642,82.8797406052855,343.65723440673787,-99999.9,-99999.9,-99999.9,1705.1959511419445,-99999.9,0.0947576116893769,90.0,65.5,12.649663753868623,12.64439820786339,12.665441658913227,250.0
33,,,KDK-01,,0.39528,0.01073,-65.12969,-7.91715,5,Farley2000,0.04672,FC,Clwt,[0.0001 0.02  ],False,0.25,True,temperature,True,1,model_output/without_anomalies/thermal_history_datafiles,1.57e-18,3.12e-17,4.916e-18,0.5,[65.],[90.],0.5,[['ATBRM']],[250.],['png'],"[0.3333333333333333, 0.3333333333333333, 0.3333333333333333, 0.3333333333333333]",[  0. 300.],[0.082 0.082],True,True,0.01,10000.0,100.0,[[1200.0]],model_output/without_anomalies,120.0,100,10,True,False,True,True,False,True,False,False,False,False,0.1,['KDK-01'],KDK-01,1.0,0.546123027150431,0.5365919254164486,198.51388864351102,,,,,,,,90.98233158170905,90.98233158170905,2205.195045020053,0.21133750464650206,0.58590404179742,196.29296375126364,439.10830777786424,65.15493466905674,339.5059133551756,-99999.9,-99999.9,-99999.9,1701.7459731556241,-99999.9,0.09149332136700054,90.0,65.5,12.939496156658599,12.934109398556203,12.955637266893383,250.0
34,,,KDK-01,,0.39528,0.01073,-65.12969,-7.91715,5,Farley2000,0.04672,FC,Clwt,[0.0001 0.02  ],False,0.25,True,temperature,True,1,model_output/without_anomalies/thermal_history_datafiles,1.57e-18,3.12e-17,4.916e-18,0.5,[65.],[90.],0.5,[['ATBRM']],[250.],['png'],"[0.3333333333333333, 0.3333333333333333, 0.3333333333333333, 0.3333333333333333]",[  0. 300.],[0.084 0.084],True,True,0.01,10000.0,100.0,[[1200.0]],model_output/without_anomalies,120.0,100,10,True,False,True,True,False,True,False,False,False,False,0.1,['KDK-01'],KDK-01,1.0,0.564142534049289,0.5735463685426737,193.30443032399393,,,,,,,,92.96788656572163,92.96788656572163,2205.195045020053,0.2113375046464986,0.6002979373082318,196.29296375126313,439.1083077778639,48.26325574394304,335.22789159681486,-99999.9,-99999.9,-99999.9,1698.2959951693035,-99999.9,0.08827994435459487,90.0,65.5,13.229328559453094,13.223820589256647,13.245832874861446,250.0
35,,,KDK-01,,0.39528,0.01073,-65.12969,-7.91715,5,Farley2000,0.04672,FC,Clwt,[0.0001 0.02  ],False,0.25,True,temperature,True,1,model_output/without_anomalies/thermal_history_datafiles,1.57e-18,3.12e-17,4.916e-18,0.5,[65.],[90.],0.5,[['ATBRM']],[250.],['png'],"[0.3333333333333333, 0.3333333333333333, 0.3333333333333333, 0.3333333333333333]",[  0. 300.],[0.086 0.086],True,True,0.01,10000.0,100.0,[[1200.0]],model_output/without_anomalies,120.0,100,10,True,False,True,True,False,True,False,False,False,False,0.1,['KDK-01'],KDK-01,1.0,0.5800134038240506,0.6027741561604267,187.94718045464245,,,,,,,,94.95344154974481,94.95344154974481,2205.195045020053,0.21133750464650664,0.6131416551820534,196.29296375126344,439.10830777786424,35.003607725609186,330.81833251493555,-99999.9,-99999.9,-99999.9,1691.6460561614979,-99999.9,0.08517377723941646,90.0,65.5,13.51916096222423,13.513531779943492,13.536028482776782,250.0
36,,,KDK-01,,0.39528,0.01073,-65.12969,-7.91715,5,Farley2000,0.04672,FC,Clwt,[0.0001 0.02  ],False,0.25,True,temperature,True,1,model_output/without_anomalies/thermal_history_datafiles,1.57e-18,3.12e-17,4.916e-18,0.5,[65.],[90.],0.5,[['ATBRM']],[250.],['png'],"[0.3333333333333333, 0.3333333333333333, 0.3333333333333333, 0.3333333333333333]",[  0. 300.],[0.088 0.088],True,True,0.01,10000.0,100.0,[[1200.0]],model_output/without_anomalies,120.0,100,10,True,False,True,True,False,True,False,False,False,False,0.1,['KDK-01'],KDK-01,1.0,0.5965407937026579,0.6232271141226386,182.5810320765293,,,,,,,,96.93899653376272,96.93899653376272,2205.195045020053,0.21133750464650294,0.6238703827966109,196.29296375126316,439.10830777786384,25.891949648509677,326.2721084936809,-99999.9,-99999.9,-99999.9,1684.9961171536922,-99999.9,0.08222258807758952,90.0,65.5,13.80899336500228,13.803242970643879,13.826224090680306,250.0
37,,,KDK-01,,0.39528,0.01073,-65.12969,-7.91715,5,Farley2000,0.04672,FC,Clwt,[0.0001 0.02  ],False,0.25,True,temperature,True,1,model_output/without_anomalies/thermal_history_datafiles,1.57e-18,3.12e-17,4.916e-18,0.5,[65.],[90.],0.5,[['ATBRM']],[250.],['png'],"[0.3333333333333333, 0.3333333333333333, 0.3333333333333333, 0.3333333333333333]",[  0. 300.],[0.09 0.09],True,True,0.01,10000.0,100.0,[[1200.0]],model_output/without_anomalies,120.0,100,10,True,False,True,True,False,True,False,False,False,False,0.1,['KDK-01'],KDK-01,1.0,0.6137961022563514,0.6453920118247936,178.0837263920683,,,,,,,,98.92455151777175,98.92455151777175,2205.195045020053,0.2113375046464868,0.6327683023706911,196.29296375126333,439.10830777786435,18.216379346813884,321.5837752464758,-99999.9,-99999.9,-99999.9,1684.9961171536922,-99999.9,0.07945552518339917,90.0,65.5,14.098825767779035,14.09295416132693,14.11641969863582,250.0
38,,,KDK-01,,0.39528,0.01073,-65.12969,-7.91715,5,Farley2000,0.04672,FC,Clwt,[0.0001 0.02  ],False,0.25,True,temperature,True,1,model_output/without_anomalies/thermal_history_datafiles,1.57e-18,3.12e-17,4.916e-18,0.5,[65.],[90.],0.5,[['ATBRM']],[500.],['png'],"[0.3333333333333333, 0.3333333333333333, 0.3333333333333333, 0.3333333333333333]",[  0. 300.],[0.054 0.054],True,True,0.01,10000.0,100.0,[[1200.0]],model_output/without_anomalies,120.0,100,10,True,False,True,True,False,True,False,False,False,False,0.1,['KDK-01'],KDK-01,0.0,0.4003605777080157,0.3947505481628313,233.71881540601976,,,,,,,,64.15756222290238,63.18456180543908,2205.195045020053,0.2113375046464974,0.4525536630572871,196.29296375126341,439.1083077778643,225.01074991825172,385.4719698733539,-99999.9,-99999.9,-99999.9,1238.596775313795,-99999.9,0.11949473725959942,90.0,65.5,16.14807191284581,16.142739102226813,16.163276429520707,500.0
39,,,KDK-01,,0.39528,0.01073,-65.12969,-7.91715,5,Farley2000,0.04672,FC,Clwt,[0.0001 0.02  ],False,0.25,True,temperature,True,1,model_output/without_anomalies/thermal_history_datafiles,1.57e-18,3.12e-17,4.916e-18,0.5,[65.],[90.],0.5,[['ATBRM']],[500.],['png'],"[0.3333333333333333, 0.3333333333333333, 0.3333333333333333, 0.3333333333333333]",[  0. 300.],[0.056 0.056],True,True,0.01,10000.0,100.0,[[1200.0]],model_output/without_anomalies,120.0,100,10,True,False,True,True,False,True,False,False,False,False,0.1,['KDK-01'],KDK-01,0.0,0.4123640641882814,0.39662094196802783,232.5225010339429,,,,,,,,65.72770627697729,65.17011678945545,2205.195045020053,0.21133750464649506,0.4632394386348084,196.29296375126313,439.1083077778638,220.92118592993322,382.44440352524657,-99999.9,-99999.9,-99999.9,1238.596775313795,-99999.9,0.1172813250064087,90.0,65.5,16.700310291783104,16.694794358469082,16.716036914858574,500.0
40,,,KDK-01,,0.39528,0.01073,-65.12969,-7.91715,5,Farley2000,0.04672,FC,Clwt,[0.0001 0.02  ],False,0.25,True,temperature,True,1,model_output/without_anomalies/thermal_history_datafiles,1.57e-18,3.12e-17,4.916e-18,0.5,[65.],[90.],0.5,[['ATBRM']],[500.],['png'],"[0.3333333333333333, 0.3333333333333333, 0.3333333333333333, 0.3333333333333333]",[  0. 300.],[0.058 0.058],True,True,0.01,10000.0,100.0,[[1200.0]],model_output/without_anomalies,120.0,100,10,True,False,True,True,False,True,False,False,False,False,0.1,['KDK-01'],KDK-01,0.16666666666666666,0.425219308567643,0.4001765083571459,231.2555404425089,,,,,,,,67.29785033106165,67.15567177347582,2205.195045020053,0.2113375046464966,0.47459827045060365,196.29296375126327,439.1083077778643,216.96141152498254,379.3266282314473,-99999.9,-99999.9,-99999.9,1238.596775313795,-99999.9,0.11491527729985032,90.0,65.5,17.252548670726704,17.246849614714584,17.26879740022085,500.0
41,,,KDK-01,,0.39528,0.01073,-65.12969,-7.91715,5,Farley2000,0.04672,FC,Clwt,[0.0001 0.02  ],False,0.25,True,temperature,True,1,model_output/without_anomalies/thermal_history_datafiles,1.57e-18,3.12e-17,4.916e-18,0.5,[65.],[90.],0.5,[['ATBRM']],[500.],['png'],"[0.3333333333333333, 0.3333333333333333, 0.3333333333333333, 0.3333333333333333]",[  0. 300.],[0.06 0.06],True,True,0.01,10000.0,100.0,[[1200.0]],model_output/without_anomalies,120.0,100,10,True,False,True,True,False,True,False,False,False,False,0.1,['KDK-01'],KDK-01,0.3333333333333333,0.4389956751699306,0.4022218780104298,230.3014545834354,,,,,,,,69.14122675749417,69.14122675749417,2205.195045020053,0.211337504646496,0.48584741292169054,196.29296375126341,439.1083077778643,207.8495816169491,376.1160989272072,-99999.9,-99999.9,-99999.9,1238.596775313795,-99999.9,0.11238787629258683,90.0,65.5,17.804787049664196,17.798904870958268,17.821557885554103,500.0
42,,,KDK-01,,0.39528,0.01073,-65.12969,-7.91715,5,Farley2000,0.04672,FC,Clwt,[0.0001 0.02  ],False,0.25,True,temperature,True,1,model_output/without_anomalies/thermal_history_datafiles,1.57e-18,3.12e-17,4.916e-18,0.5,[65.],[90.],0.5,[['ATBRM']],[500.],['png'],"[0.3333333333333333, 0.3333333333333333, 0.3333333333333333, 0.3333333333333333]",[  0. 300.],[0.062 0.062],True,True,0.01,10000.0,100.0,[[1200.0]],model_output/without_anomalies,120.0,100,10,True,False,True,True,False,True,False,False,False,False,0.1,['KDK-01'],KDK-01,0.3333333333333333,0.4537017640713709,0.40823697182391727,228.08567602972508,,,,,,,,71.12678174151276,71.12678174151276,2205.195045020053,0.2113375046464986,0.49622915235105425,196.29296375126341,439.108307777864,197.68183608206988,372.8101342527725,-99999.9,-99999.9,-99999.9,1238.596775313795,-99999.9,0.10970520784800918,90.0,65.5,18.357025428607695,18.35096012720495,18.37431837090961,500.0
43,,,KDK-01,,0.39528,0.01073,-65.12969,-7.91715,5,Farley2000,0.04672,FC,Clwt,[0.0001 0.02  ],False,0.25,True,temperature,True,1,model_output/without_anomalies/thermal_history_datafiles,1.57e-18,3.12e-17,4.916e-18,0.5,[65.],[90.],0.5,[['ATBRM']],[500.],['png'],"[0.3333333333333333, 0.3333333333333333, 0.3333333333333333, 0.3333333333333333]",[  0. 300.],[0.064 0.064],True,True,0.01,10000.0,100.0,[[1200.0]],model_output/without_anomalies,120.0,100,10,True,False,True,True,False,True,False,False,False,False,0.1,['KDK-01'],KDK-01,0.3333333333333333,0.46928058416382784,0.41278605659016654,225.64561271040148,,,,,,,,73.11233672553274,73.11233672553274,2205.195045020053,0.2113375046465001,0.5054198352942344,196.2929637512632,439.108307777864,186.53084309656882,369.40591101116684,-99999.9,-99999.9,-99999.9,1238.596775313795,-99999.9,0.10688683064046228,90.0,65.5,18.909263807545923,18.903015383448427,18.92707885625158,500.0
44,,,KDK-01,,0.39528,0.01073,-65.12969,-7.91715,5,Farley2000,0.04672,FC,Clwt,[0.0001 0.02  ],False,0.25,True,temperature,True,1,model_output/without_anomalies/thermal_history_datafiles,1.57e-18,3.12e-17,4.916e-18,0.5,[65.],[90.],0.5,[['ATBRM']],[500.],['png'],"[0.3333333333333333, 0.3333333333333333, 0.3333333333333333, 0.3333333333333333]",[  0. 300.],[0.066 0.066],True,True,0.01,10000.0,100.0,[[1200.0]],model_output/without_anomalies,120.0,100,10,True,False,True,True,False,True,False,False,False,False,0.1,['KDK-01'],KDK-01,0.3333333333333333,0.48562302395494733,0.42051498721889474,222.98914760647477,,,,,,,,75.09789170955142,75.09789170955142,2205.195045020053,0.21133750464649814,0.5138194316143065,196.29296375126341,439.1083077778639,174.48240508812017,365.90045741811963,-99999.9,-99999.9,-99999.9,1238.596775313795,-99999.9,0.10396299602269904,90.0,65.5,19.46150218648731,19.45507063969051,19.479839341608223,500.0
45,,,KDK-01,,0.39528,0.01073,-65.12969,-7.91715,5,Farley2000,0.04672,FC,Clwt,[0.0001 0.02  ],False,0.25,True,temperature,True,1,model_output/without_anomalies/thermal_history_datafiles,1.57e-18,3.12e-17,4.916e-18,0.5,[65.],[90.],0.5,[['ATBRM']],[500.],['png'],"[0.3333333333333333, 0.3333333333333333, 0.3333333333333333, 0.3333333333333333]",[  0. 300.],[0.068 0.068],True,True,0.01,10000.0,100.0,[[1200.0]],model_output/without_anomalies,120.0,100,10,True,False,True,True,False,True,False,False,False,False,0.1,['KDK-01'],KDK-01,0.3333333333333333,0.5025997538709476,0.43041291125005127,220.12629123993239,,,,,,,,77.08344669357163,77.08344669357163,2205.195045020053,0.21133750464649773,0.522405774619524,196.29296375126344,439.10830777786396,161.60900575392554,362.2906450950391,-99999.9,-99999.9,-99999.9,1238.596775313795,-99999.9,0.10097096391859599,90.0,65.5,20.013740565428694,20.007125895935502,20.03259982696138,500.0
46,,,KDK-01,,0.39528,0.01073,-65.12969,-7.91715,5,Farley2000,0.04672,FC,Clwt,[0.0001 0.02  ],False,0.25,True,temperature,True,1,model_output/without_anomalies/thermal_history_datafiles,1.57e-18,3.12e-17,4.916e-18,0.5,[65.],[90.],0.5,[['ATBRM']],[500.],['png'],"[0.3333333333333333, 0.3333333333333333, 0.3333333333333333, 0.3333333333333333]",[  0. 300.],[0.07 0.07],True,True,0.01,10000.0,100.0,[[1200.0]],model_output/without_anomalies,120.0,100,10,True,False,True,True,False,True,False,False,False,False,0.1,['KDK-01'],KDK-01,0.3333333333333333,0.5196956061280862,0.4421206393649163,217.07213288098882,,,,,,,,79.06900167758775,79.06900167758775,2205.195045020053,0.21133750464649065,0.5321993775685482,196.2929637512637,439.1083077778639,147.99585657007768,358.5731797525163,-99999.9,-99999.9,-99999.9,1238.596775313795,-99999.9,0.09795122553825247,90.0,65.5,20.56597894436362,20.559181152175242,20.58536031230398,500.0
47,,,KDK-01,,0.39528,0.01073,-65.12969,-7.91715,5,Farley2000,0.04672,FC,Clwt,[0.0001 0.02  ],False,0.25,True,temperature,True,1,model_output/without_anomalies/thermal_history_datafiles,1.57e-18,3.12e-17,4.916e-18,0.5,[65.],[90.],0.5,[['ATBRM']],[500.],['png'],"[0.3333333333333333, 0.3333333333333333, 0.3333333333333333, 0.3333333333333333]",[  0. 300.],[0.072 0.072],True,True,0.01,10000.0,100.0,[[1200.0]],model_output/without_anomalies,120.0,100,10,True,False,True,True,False,True,False,False,False,False,0.1,['KDK-01'],KDK-01,0.3333333333333333,0.5350138547847432,0.454592941168859,214.23536823409358,,,,,,,,81.05455666160739,81.05455666160739,2205.195045020053,0.21133750464649703,0.5437933485879343,196.29296375126336,439.10830777786384,133.88548248965182,354.74459050219843,-99999.9,-99999.9,-99999.9,1238.596775313795,-99999.9,0.09494426772883402,90.0,65.5,21.118217323305466,21.111236408420538,21.13812079765152,500.0
48,,,KDK-01,,0.39528,0.01073,-65.12969,-7.91715,5,Farley2000,0.04672,FC,Clwt,[0.0001 0.02  ],False,0.25,True,temperature,True,1,model_output/without_anomalies/thermal_history_datafiles,1.57e-18,3.12e-17,4.916e-18,0.5,[65.],[90.],0.5,[['ATBRM']],[500.],['png'],"[0.3333333333333333, 0.3333333333333333, 0.3333333333333333, 0.3333333333333333]",[  0. 300.],[0.074 0.074],True,True,0.01,10000.0,100.0,[[1200.0]],model_output/without_anomalies,120.0,100,10,True,False,True,True,False,True,False,False,False,False,0.1,['KDK-01'],KDK-01,0.6666666666666666,0.549359700275149,0.47596855162882357,210.15992960496706,,,,,,,,83.04011164561882,83.04011164561882,2205.195045020053,0.21133750464648624,0.5572353135185695,196.29296375126364,439.1083077778643,119.00800691531337,350.80121771646276,-99999.9,-99999.9,-99999.9,1238.596775313795,-99999.9,0.0919880661305937,90.0,65.5,21.67045570225268,21.663291664671604,21.690881283004362,500.0
49,,,KDK-01,,0.39528,0.01073,-65.12969,-7.91715,5,Farley2000,0.04672,FC,Clwt,[0.0001 0.02  ],False,0.25,True,temperature,True,1,model_output/without_anomalies/thermal_history_datafiles,1.57e-18,3.12e-17,4.916e-18,0.5,[65.],[90.],0.5,[['ATBRM']],[500.],['png'],"[0.3333333333333333, 0.3333333333333333, 0.3333333333333333, 0.3333333333333333]",[  0. 300.],[0.076 0.076],True,True,0.01,10000.0,100.0,[[1200.0]],model_output/without_anomalies,120.0,100,10,True,False,True,True,False,True,False,False,False,False,0.1,['KDK-01'],KDK-01,0.6666666666666666,0.5639114558535143,0.49520120139245505,205.92721571042998,,,,,,,,85.0256666296414,85.0256666296414,2205.195045020053,0.2113375046464942,0.5720827048241388,196.2929637512635,439.10830777786384,102.02105477091386,346.73919932694196,-99999.9,-99999.9,-99999.9,1238.596775313795,-99999.9,0.08911615599680071,90.0,65.5,22.222694081190205,22.215346920908388,22.2436417683656,500.0
50,,,KDK-01,,0.39528,0.01073,-65.12969,-7.91715,5,Farley2000,0.04672,FC,Clwt,[0.0001 0.02  ],False,0.25,True,temperature,True,1,model_output/without_anomalies/thermal_history_datafiles,1.57e-18,3.12e-17,4.916e-18,0.5,[65.],[90.],0.5,[['ATBRM']],[500.],['png'],"[0.3333333333333333, 0.3333333333333333, 0.3333333333333333, 0.3333333333333333]",[  0. 300.],[0.078 0.078],True,True,0.01,10000.0,100.0,[[1200.0]],model_output/without_anomalies,120.0,100,10,True,False,True,True,False,True,False,False,False,False,0.1,['KDK-01'],KDK-01,1.0,0.5786418096819016,0.5213143538392592,201.10694383496872,,,,,,,,87.01122161365987,87.01122161365987,2205.195045020053,0.21133750464649317,0.5874492455690725,196.29296375126347,439.10830777786373,84.79594196655523,342.554455415576,-99999.9,-99999.9,-99999.9,1238.596775313795,-99999.9,0.08635594950107196,90.0,65.5,22.77493246012511,22.767402177153258,22.796402253690214,500.0
51,,,KDK-01,,0.39528,0.01073,-65.12969,-7.91715,5,Farley2000,0.04672,FC,Clwt,[0.0001 0.02  ],False,0.25,True,temperature,True,1,model_output/without_anomalies/thermal_history_datafiles,1.57e-18,3.12e-17,4.916e-18,0.5,[65.],[90.],0.5,[['ATBRM']],[500.],['png'],"[0.3333333333333333, 0.3333333333333333, 0.3333333333333333, 0.3333333333333333]",[  0. 300.],[0.08 0.08],True,True,0.01,10000.0,100.0,[[1200.0]],model_output/without_anomalies,120.0,100,10,True,False,True,True,False,True,False,False,False,False,0.1,['KDK-01'],KDK-01,1.0,0.5935524127448225,0.551908244256901,195.96799924081304,,,,,,,,88.99677659767765,88.99677659767765,2205.195045020053,0.21133750464648932,0.6021465253255996,196.29296375126373,439.10830777786384,68.17478686835297,338.2426709071574,-99999.9,-99999.9,-99999.9,1238.596775313795,-99999.9,0.08372696923235394,90.0,65.5,23.327170839072366,23.319457433403976,23.349162739044633,500.0
52,,,KDK-01,,0.39528,0.01073,-65.12969,-7.91715,5,Farley2000,0.04672,FC,Clwt,[0.0001 0.02  ],False,0.25,True,temperature,True,1,model_output/without_anomalies/thermal_history_datafiles,1.57e-18,3.12e-17,4.916e-18,0.5,[65.],[90.],0.5,[['ATBRM']],[500.],['png'],"[0.3333333333333333, 0.3333333333333333, 0.3333333333333333, 0.3333333333333333]",[  0. 300.],[0.082 0.082],True,True,0.01,10000.0,100.0,[[1200.0]],model_output/without_anomalies,120.0,100,10,True,False,True,True,False,True,False,False,False,False,0.1,['KDK-01'],KDK-01,1.0,0.6086788998568575,0.5903843428076234,190.69073342910693,,,,,,,,90.98233158170383,90.98233158170383,2205.195045020053,0.21133750464649997,0.6150664329501644,196.29296375126358,439.1083077778638,55.02073441759816,333.7992761220424,-99999.9,-99999.9,-99999.9,1238.596775313795,-99999.9,0.08123918799738618,90.0,65.5,23.879409218009414,23.871512689644106,23.90192322438874,500.0
53,,,KDK-01,,0.39528,0.01073,-65.12969,-7.91715,5,Farley2000,0.04672,FC,Clwt,[0.0001 0.02  ],False,0.25,True,temperature,True,1,model_output/without_anomalies/thermal_history_datafiles,1.57e-18,3.12e-17,4.916e-18,0.5,[65.],[90.],0.5,[['ATBRM']],[500.],['png'],"[0.3333333333333333, 0.3333333333333333, 0.3333333333333333, 0.3333333333333333]",[  0. 300.],[0.084 0.084],True,True,0.01,10000.0,100.0,[[1200.0]],model_output/without_anomalies,120.0,100,10,True,False,True,True,False,True,False,False,False,False,0.1,['KDK-01'],KDK-01,1.0,0.6241040146382211,0.6198094850673719,185.45697165508037,,,,,,,,92.96788656571809,92.96788656571809,2205.195045020053,0.21133750464649387,0.6257247179102954,196.29296375126344,439.1083077778639,45.82408371912199,329.2194248925589,-99999.9,-99999.9,-99999.9,1238.596775313795,-99999.9,0.07889254445272999,90.0,65.5,24.431647596950487,24.423567945884635,24.454683709757546,500.0
54,,,KDK-01,,0.39528,0.01073,-65.12969,-7.91715,5,Farley2000,0.04672,FC,Clwt,[0.0001 0.02  ],False,0.25,True,temperature,True,1,model_output/without_anomalies/thermal_history_datafiles,1.57e-18,3.12e-17,4.916e-18,0.5,[65.],[90.],0.5,[['ATBRM']],[500.],['png'],"[0.3333333333333333, 0.3333333333333333, 0.3333333333333333, 0.3333333333333333]",[  0. 300.],[0.086 0.086],True,True,0.01,10000.0,100.0,[[1200.0]],model_output/without_anomalies,120.0,100,10,True,False,True,True,False,True,False,False,False,False,0.1,['KDK-01'],KDK-01,1.0,0.6390904599406245,0.6393697154490118,180.906103269745,,,,,,,,94.95344154974303,94.95344154974303,2205.195045020053,0.21133750464650233,0.6345973715831658,196.29296375126347,439.10830777786384,37.39237173496084,324.49796988581284,-99999.9,-99999.9,-99999.9,1238.596775313795,-99999.9,0.0766787643896854,90.0,65.5,24.983885975897028,24.975623202135864,25.007444195103975,500.0
55,,,KDK-01,,0.39528,0.01073,-65.12969,-7.91715,5,Farley2000,0.04672,FC,Clwt,[0.0001 0.02  ],False,0.25,True,temperature,True,1,model_output/without_anomalies/thermal_history_datafiles,1.57e-18,3.12e-17,4.916e-18,0.5,[65.],[90.],0.5,[['ATBRM']],[500.],['png'],"[0.3333333333333333, 0.3333333333333333, 0.3333333333333333, 0.3333333333333333]",[  0. 300.],[0.088 0.088],True,True,0.01,10000.0,100.0,[[1200.0]],model_output/without_anomalies,120.0,100,10,True,False,True,True,False,True,False,False,False,False,0.1,['KDK-01'],KDK-01,1.0,0.651419748807922,0.6582015412359323,176.90030931586088,,,,,,,,96.9389965337543,96.9389965337543,2205.195045020053,0.21133750464649392,0.6428789528290653,196.29296375126333,439.108307777864,29.607153163804902,326.5079122557581,-99999.9,-99999.9,-99999.9,1238.596775313795,-99999.9,0.07458520024105428,90.0,65.5,25.53612435483969,25.527678458380812,25.560204680457666,500.0
56,,,KDK-01,,0.39528,0.01073,-65.12969,-7.91715,5,Farley2000,0.04672,FC,Clwt,[0.0001 0.02  ],False,0.25,True,temperature,True,1,model_output/without_anomalies/thermal_history_datafiles,1.57e-18,3.12e-17,4.916e-18,0.5,[65.],[90.],0.5,[['ATBRM']],[500.],['png'],"[0.3333333333333333, 0.3333333333333333, 0.3333333333333333, 0.3333333333333333]",[  0. 300.],[0.09 0.09],True,True,0.01,10000.0,100.0,[[1200.0]],model_output/without_anomalies,120.0,100,10,True,False,True,True,False,True,False,False,False,False,0.1,['KDK-01'],KDK-01,1.0,0.6637118052641431,0.6721970124623453,173.26768806960743,,,,,,,,98.92455151777412,98.92455151777412,2205.195045020053,0.2113375046465007,0.6517858914771755,196.29296375126358,439.10830777786396,22.41781014971755,315.0918304304889,-99999.9,-99999.9,-99999.9,1238.596775313795,-99999.9,0.07259882274124771,90.0,65.5,26.088362733779782,26.079733714624467,26.112965165808575,500.0
57,,,KDK-01,,0.39528,0.01073,-65.12969,-7.91715,5,Farley2000,0.04672,FC,Clwt,[0.0001 0.02  ],False,0.25,True,temperature,True,1,model_output/without_anomalies/thermal_history_datafiles,1.57e-18,3.12e-17,4.916e-18,0.5,[65.],[90.],0.5,[['ATBRM']],[750.],['png'],"[0.3333333333333333, 0.3333333333333333, 0.3333333333333333, 0.3333333333333333]",[  0. 300.],[0.054 0.054],True,True,0.01,10000.0,100.0,[[1200.0]],model_output/without_anomalies,120.0,100,10,True,False,True,True,False,True,False,False,False,False,0.1,['KDK-01'],KDK-01,0.0,0.46763812597377,0.39762516131983033,231.93756818461148,,,,,,,,68.17439920484384,63.18456180543934,2205.195045020053,0.21133750464650133,0.4762690591421217,196.2929637512634,439.10830777786396,220.76602346374327,381.357923136801,-99999.9,-99999.9,-99999.9,1238.596775313795,-99999.9,0.10766108388409591,90.0,65.5,22.862681720256887,22.856522693646696,22.879576283310044,750.0
58,,,KDK-01,,0.39528,0.01073,-65.12969,-7.91715,5,Farley2000,0.04672,FC,Clwt,[0.0001 0.02  ],False,0.25,True,temperature,True,1,model_output/without_anomalies/thermal_history_datafiles,1.57e-18,3.12e-17,4.916e-18,0.5,[65.],[90.],0.5,[['ATBRM']],[750.],['png'],"[0.3333333333333333, 0.3333333333333333, 0.3333333333333333, 0.3333333333333333]",[  0. 300.],[0.056 0.056],True,True,0.01,10000.0,100.0,[[1200.0]],model_output/without_anomalies,120.0,100,10,True,False,True,True,False,True,False,False,False,False,0.1,['KDK-01'],KDK-01,0.0,0.4825351433617351,0.4014929746101449,230.79749851659744,,,,,,,,69.88724393346595,65.17011678945549,2205.195045020053,0.2113375046464984,0.48831808372320173,196.2929637512634,439.10830777786424,211.2000282518077,378.00423745942544,-99999.9,-99999.9,-99999.9,1238.596775313795,-99999.9,0.1043765446315303,90.0,65.5,23.65614402190654,23.649770236947994,23.673627680149114,750.0
59,,,KDK-01,,0.39528,0.01073,-65.12969,-7.91715,5,Farley2000,0.04672,FC,Clwt,[0.0001 0.02  ],False,0.25,True,temperature,True,1,model_output/without_anomalies/thermal_history_datafiles,1.57e-18,3.12e-17,4.916e-18,0.5,[65.],[90.],0.5,[['ATBRM']],[750.],['png'],"[0.3333333333333333, 0.3333333333333333, 0.3333333333333333, 0.3333333333333333]",[  0. 300.],[0.058 0.058],True,True,0.01,10000.0,100.0,[[1200.0]],model_output/without_anomalies,120.0,100,10,True,False,True,True,False,True,False,False,False,False,0.1,['KDK-01'],KDK-01,0.16666666666666666,0.4982926140861609,0.4059435377651089,228.39021078273353,,,,,,,,71.6000997239366,67.1556717734743,2205.195045020053,0.21133750464649903,0.49922523902331595,196.2929637512635,439.10830777786384,200.54655489160245,374.54486198423507,-99999.9,-99999.9,-99999.9,1238.596775313795,-99999.9,0.10113369341361916,90.0,65.5,24.44960632356405,24.443017780261265,24.467679076976943,750.0
60,,,KDK-01,,0.39528,0.01073,-65.12969,-7.91715,5,Farley2000,0.04672,FC,Clwt,[0.0001 0.02  ],False,0.25,True,temperature,True,1,model_output/without_anomalies/thermal_history_datafiles,1.57e-18,3.12e-17,4.916e-18,0.5,[65.],[90.],0.5,[['ATBRM']],[750.],['png'],"[0.3333333333333333, 0.3333333333333333, 0.3333333333333333, 0.3333333333333333]",[  0. 300.],[0.06 0.06],True,True,0.01,10000.0,100.0,[[1200.0]],model_output/without_anomalies,120.0,100,10,True,False,True,True,False,True,False,False,False,False,0.1,['KDK-01'],KDK-01,0.3333333333333333,0.5144272122252175,0.4123095476481932,225.74811243647278,,,,,,,,73.31296149722304,69.14122675748973,2205.195045020053,0.21133750464649387,0.5088104047596124,196.2929637512634,439.10830777786435,188.89078989343204,370.97669133670695,-99999.9,-99999.9,-99999.9,1238.596775313795,-99999.9,0.09801672417551843,90.0,65.5,25.243068625207293,25.23626532355445,25.26173047381331,750.0
61,,,KDK-01,,0.39528,0.01073,-65.12969,-7.91715,5,Farley2000,0.04672,FC,Clwt,[0.0001 0.02  ],False,0.25,True,temperature,True,1,model_output/without_anomalies/thermal_history_datafiles,1.57e-18,3.12e-17,4.916e-18,0.5,[65.],[90.],0.5,[['ATBRM']],[750.],['png'],"[0.3333333333333333, 0.3333333333333333, 0.3333333333333333, 0.3333333333333333]",[  0. 300.],[0.062 0.062],True,True,0.01,10000.0,100.0,[[1200.0]],model_output/without_anomalies,120.0,100,10,True,False,True,True,False,True,False,False,False,False,0.1,['KDK-01'],KDK-01,0.3333333333333333,0.5305184234128053,0.4204255501685414,222.88055264396007,,,,,,,,75.0258232705022,71.12678174151338,2205.195045020053,0.2113375046465039,0.5178629747521056,196.2929637512634,439.1083077778639,176.33529184909338,367.2964409411104,-99999.9,-99999.9,-99999.9,1238.596775313795,-99999.9,0.09509268078028016,90.0,65.5,26.036530926856276,26.029512866855995,26.055781870645784,750.0
62,,,KDK-01,,0.39528,0.01073,-65.12969,-7.91715,5,Farley2000,0.04672,FC,Clwt,[0.0001 0.02  ],False,0.25,True,temperature,True,1,model_output/without_anomalies/thermal_history_datafiles,1.57e-18,3.12e-17,4.916e-18,0.5,[65.],[90.],0.5,[['ATBRM']],[750.],['png'],"[0.3333333333333333, 0.3333333333333333, 0.3333333333333333, 0.3333333333333333]",[  0. 300.],[0.064 0.064],True,True,0.01,10000.0,100.0,[[1200.0]],model_output/without_anomalies,120.0,100,10,True,False,True,True,False,True,False,False,False,False,0.1,['KDK-01'],KDK-01,0.3333333333333333,0.5462729645842327,0.4304186695013362,219.8105696348235,,,,,,,,76.73868504378764,73.11233672553176,2205.195045020053,0.21133750464649828,0.5276992990993113,196.29296375126344,439.10830777786396,162.96924312844877,363.50063765141243,-99999.9,-99999.9,-99999.9,1238.596775313795,-99999.9,0.09239954253486221,90.0,65.5,26.829993228515995,26.822760410164392,26.8498332674981,750.0
63,,,KDK-01,,0.39528,0.01073,-65.12969,-7.91715,5,Farley2000,0.04672,FC,Clwt,[0.0001 0.02  ],False,0.25,True,temperature,True,1,model_output/without_anomalies/thermal_history_datafiles,1.57e-18,3.12e-17,4.916e-18,0.5,[65.],[90.],0.5,[['ATBRM']],[750.],['png'],"[0.3333333333333333, 0.3333333333333333, 0.3333333333333333, 0.3333333333333333]",[  0. 300.],[0.066 0.066],True,True,0.01,10000.0,100.0,[[1200.0]],model_output/without_anomalies,120.0,100,10,True,False,True,True,False,True,False,False,False,False,0.1,['KDK-01'],KDK-01,0.3333333333333333,0.5615546193708217,0.4434554314925073,216.62527619788239,,,,,,,,78.45155953690143,75.0978917095496,2205.195045020053,0.21133750464650342,0.5393614305252206,196.29296375126358,439.108307777864,148.8911204361016,359.58560859573913,-99999.9,-99999.9,-99999.9,1238.596775313795,-99999.9,0.08993956272034188,90.0,65.5,27.62345553016038,27.61600795346014,27.64388466433074,750.0
64,,,KDK-01,,0.39528,0.01073,-65.12969,-7.91715,5,Farley2000,0.04672,FC,Clwt,[0.0001 0.02  ],False,0.25,True,temperature,True,1,model_output/without_anomalies/thermal_history_datafiles,1.57e-18,3.12e-17,4.916e-18,0.5,[65.],[90.],0.5,[['ATBRM']],[750.],['png'],"[0.3333333333333333, 0.3333333333333333, 0.3333333333333333, 0.3333333333333333]",[  0. 300.],[0.068 0.068],True,True,0.01,10000.0,100.0,[[1200.0]],model_output/without_anomalies,120.0,100,10,True,False,True,True,False,True,False,False,False,False,0.1,['KDK-01'],KDK-01,0.3333333333333333,0.5763974623335142,0.4628654419356991,212.36736102483852,,,,,,,,80.16443639741708,77.08344669356572,2205.195045020053,0.21133750464649534,0.5531862363696014,196.29296375126347,439.1083077778642,134.22205732911223,355.54746815577823,-99999.9,-99999.9,-99999.9,1238.596775313795,-99999.9,0.08768074079814253,90.0,65.5,28.416917831820832,28.409255496777526,28.43793606116035,750.0
65,,,KDK-01,,0.39528,0.01073,-65.12969,-7.91715,5,Farley2000,0.04672,FC,Clwt,[0.0001 0.02  ],False,0.25,True,temperature,True,1,model_output/without_anomalies/thermal_history_datafiles,1.57e-18,3.12e-17,4.916e-18,0.5,[65.],[90.],0.5,[['ATBRM']],[750.],['png'],"[0.3333333333333333, 0.3333333333333333, 0.3333333333333333, 0.3333333333333333]",[  0. 300.],[0.07 0.07],True,True,0.01,10000.0,100.0,[[1200.0]],model_output/without_anomalies,120.0,100,10,True,False,True,True,False,True,False,False,False,False,0.1,['KDK-01'],KDK-01,0.3333333333333333,0.5899061590476203,0.4866521566155053,207.84516807309714,,,,,,,,81.87731325793261,79.06900167758438,2205.195045020053,0.21133750464649717,0.5688190613952451,196.29296375126313,439.1083077778642,119.14716241733306,351.38210297390714,-99999.9,-99999.9,-99999.9,1238.596775313795,-99999.9,0.08556688648691836,90.0,65.5,29.210380133469513,29.20250304007387,29.231987458003374,750.0
66,,,KDK-01,,0.39528,0.01073,-65.12969,-7.91715,5,Farley2000,0.04672,FC,Clwt,[0.0001 0.02  ],False,0.25,True,temperature,True,1,model_output/without_anomalies/thermal_history_datafiles,1.57e-18,3.12e-17,4.916e-18,0.5,[65.],[90.],0.5,[['ATBRM']],[750.],['png'],"[0.3333333333333333, 0.3333333333333333, 0.3333333333333333, 0.3333333333333333]",[  0. 300.],[0.072 0.072],True,True,0.01,10000.0,100.0,[[1200.0]],model_output/without_anomalies,120.0,100,10,True,False,True,True,False,True,False,False,False,False,0.1,['KDK-01'],KDK-01,0.3333333333333333,0.6000741029660518,0.5103761712901207,203.0934846529704,,,,,,,,83.59019011844558,81.05455666159995,2205.195045020053,0.21133750464649467,0.5852965832820336,196.2929637512634,439.10830777786396,104.01911799056535,347.0851548338314,-99999.9,-99999.9,-99999.9,1238.596775313795,-99999.9,0.08353441326236599,90.0,65.5,30.003842435105263,29.995750583363268,30.02603885482125,750.0
67,,,KDK-01,,0.39528,0.01073,-65.12969,-7.91715,5,Farley2000,0.04672,FC,Clwt,[0.0001 0.02  ],False,0.25,True,temperature,True,1,model_output/without_anomalies/thermal_history_datafiles,1.57e-18,3.12e-17,4.916e-18,0.5,[65.],[90.],0.5,[['ATBRM']],[750.],['png'],"[0.3333333333333333, 0.3333333333333333, 0.3333333333333333, 0.3333333333333333]",[  0. 300.],[0.074 0.074],True,True,0.01,10000.0,100.0,[[1200.0]],model_output/without_anomalies,120.0,100,10,True,False,True,True,False,True,False,False,False,False,0.1,['KDK-01'],KDK-01,0.6666666666666666,0.6068261744881756,0.5383856749671354,198.17198443666717,,,,,,,,85.30307423583406,83.04011164562388,2205.195045020053,0.21133750464650228,0.6012044621268915,196.2929637512634,439.1083077778644,89.55476037398043,342.65200119830354,-99999.9,-99999.9,-99999.9,1238.596775313795,-99999.9,0.08153187720361728,90.0,65.5,30.79730473677523,30.788998126681925,30.820090251681105,750.0
68,,,KDK-01,,0.39528,0.01073,-65.12969,-7.91715,5,Farley2000,0.04672,FC,Clwt,[0.0001 0.02  ],False,0.25,True,temperature,True,1,model_output/without_anomalies/thermal_history_datafiles,1.57e-18,3.12e-17,4.916e-18,0.5,[65.],[90.],0.5,[['ATBRM']],[750.],['png'],"[0.3333333333333333, 0.3333333333333333, 0.3333333333333333, 0.3333333333333333]",[  0. 300.],[0.076 0.076],True,True,0.01,10000.0,100.0,[[1200.0]],model_output/without_anomalies,120.0,100,10,True,False,True,True,False,True,False,False,False,False,0.1,['KDK-01'],KDK-01,0.6666666666666666,0.6154941979854264,0.5702927744674353,193.18350532363033,,,,,,,,87.01596445095137,85.0256666296422,2205.195045020053,0.2113375046465011,0.6151545874550831,196.2929637512636,439.108307777864,77.84884730360618,338.07773311485323,-99999.9,-99999.9,-99999.9,1238.596775313795,-99999.9,0.07953587454266756,90.0,65.5,31.59076703841763,31.58224566998222,31.61414164849682,750.0
69,,,KDK-01,,0.39528,0.01073,-65.12969,-7.91715,5,Farley2000,0.04672,FC,Clwt,[0.0001 0.02  ],False,0.25,True,temperature,True,1,model_output/without_anomalies/thermal_history_datafiles,1.57e-18,3.12e-17,4.916e-18,0.5,[65.],[90.],0.5,[['ATBRM']],[750.],['png'],"[0.3333333333333333, 0.3333333333333333, 0.3333333333333333, 0.3333333333333333]",[  0. 300.],[0.078 0.078],True,True,0.01,10000.0,100.0,[[1200.0]],model_output/without_anomalies,120.0,100,10,True,False,True,True,False,True,False,False,False,False,0.1,['KDK-01'],KDK-01,1.0,0.626197908701712,0.6043476360089223,188.44135811439486,,,,,,,,88.72885466605909,87.01122161365961,2205.195045020053,0.21133750464650009,0.6265272499624821,196.29296375126341,439.10830777786435,69.72183525245077,333.3571301204304,-99999.9,-99999.9,-99999.9,1238.596775313795,-99999.9,0.0775572708513389,90.0,65.5,32.38422934007618,32.37549321329072,32.408193045343566,750.0
70,,,KDK-01,,0.39528,0.01073,-65.12969,-7.91715,5,Farley2000,0.04672,FC,Clwt,[0.0001 0.02  ],False,0.25,True,temperature,True,1,model_output/without_anomalies/thermal_history_datafiles,1.57e-18,3.12e-17,4.916e-18,0.5,[65.],[90.],0.5,[['ATBRM']],[750.],['png'],"[0.3333333333333333, 0.3333333333333333, 0.3333333333333333, 0.3333333333333333]",[  0. 300.],[0.08 0.08],True,True,0.01,10000.0,100.0,[[1200.0]],model_output/without_anomalies,120.0,100,10,True,False,True,True,False,True,False,False,False,False,0.1,['KDK-01'],KDK-01,1.0,0.6387984216289582,0.6335064778177022,184.21473461999145,,,,,,,,90.44174488116487,88.99677659767916,2205.195045020053,0.21133750464650317,0.6359402734297348,196.29296375126344,439.10830777786396,61.86928280124405,328.48463168934137,-99999.9,-99999.9,-99999.9,1238.596775313795,-99999.9,0.0756368260510371,90.0,65.5,33.17769164172081,33.16874075659062,33.20224444216431,750.0
71,,,KDK-01,,0.39528,0.01073,-65.12969,-7.91715,5,Farley2000,0.04672,FC,Clwt,[0.0001 0.02  ],False,0.25,True,temperature,True,1,model_output/without_anomalies/thermal_history_datafiles,1.57e-18,3.12e-17,4.916e-18,0.5,[65.],[90.],0.5,[['ATBRM']],[750.],['png'],"[0.3333333333333333, 0.3333333333333333, 0.3333333333333333, 0.3333333333333333]",[  0. 300.],[0.082 0.082],True,True,0.01,10000.0,100.0,[[1200.0]],model_output/without_anomalies,120.0,100,10,True,False,True,True,False,True,False,False,False,False,0.1,['KDK-01'],KDK-01,1.0,0.6440940239818737,0.6554342786248804,180.26214424146218,,,,,,,,92.15463509627783,90.9823315816944,2205.195045020053,0.21133750464649342,0.6448806963037719,196.29296375126316,439.1083077778643,54.347005279190086,330.3455871345887,-99999.9,-99999.9,-99999.9,1238.596775313795,-99999.9,0.07383506491231745,90.0,65.5,33.97115394337744,33.96198829989303,33.9962958390192,750.0
72,,,KDK-01,,0.39528,0.01073,-65.12969,-7.91715,5,Farley2000,0.04672,FC,Clwt,[0.0001 0.02  ],False,0.25,True,temperature,True,1,model_output/without_anomalies/thermal_history_datafiles,1.57e-18,3.12e-17,4.916e-18,0.5,[65.],[90.],0.5,[['ATBRM']],[750.],['png'],"[0.3333333333333333, 0.3333333333333333, 0.3333333333333333, 0.3333333333333333]",[  0. 300.],[0.084 0.084],True,True,0.01,10000.0,100.0,[[1200.0]],model_output/without_anomalies,120.0,100,10,True,False,True,True,False,True,False,False,False,False,0.1,['KDK-01'],KDK-01,1.0,0.642649646882129,0.6668883931442242,176.29698010272853,,,,,,,,93.8675334189867,92.9678865657156,2205.195045020053,0.21133750464649922,0.6547371204133148,196.29296375126327,439.1083077778643,47.16584482826094,318.2005233237086,-99999.9,-99999.9,-99999.9,1238.596775313795,-99999.9,0.07222288003275298,90.0,65.5,34.764616245031505,34.75523584320148,34.79034723584955,750.0
73,,,KDK-01,,0.39528,0.01073,-65.12969,-7.91715,5,Farley2000,0.04672,FC,Clwt,[0.0001 0.02  ],False,0.25,True,temperature,True,1,model_output/without_anomalies/thermal_history_datafiles,1.57e-18,3.12e-17,4.916e-18,0.5,[65.],[90.],0.5,[['ATBRM']],[750.],['png'],"[0.3333333333333333, 0.3333333333333333, 0.3333333333333333, 0.3333333333333333]",[  0. 300.],[0.086 0.086],True,True,0.01,10000.0,100.0,[[1200.0]],model_output/without_anomalies,120.0,100,10,True,False,True,True,False,True,False,False,False,False,0.1,['KDK-01'],KDK-01,1.0,0.6433449062929336,0.6750043701885534,172.37006987707878,,,,,,,,95.58043545502017,94.95344154973287,2205.195045020053,0.21133750464650009,0.6661428244577554,196.29296375126341,439.10830777786384,40.24013163219614,305.51281834946917,-99999.9,-99999.9,-99999.9,1238.5967753137948,-99999.9,0.07087632295067058,90.0,65.5,35.55807854667956,35.54848338650051,35.584398632690025,750.0
74,,,KDK-01,,0.39528,0.01073,-65.12969,-7.91715,5,Farley2000,0.04672,FC,Clwt,[0.0001 0.02  ],False,0.25,True,temperature,True,1,model_output/without_anomalies/thermal_history_datafiles,1.57e-18,3.12e-17,4.916e-18,0.5,[65.],[90.],0.5,[['ATBRM']],[750.],['png'],"[0.3333333333333333, 0.3333333333333333, 0.3333333333333333, 0.3333333333333333]",[  0. 300.],[0.088 0.088],True,True,0.01,10000.0,100.0,[[1200.0]],model_output/without_anomalies,120.0,100,10,True,False,True,True,False,True,False,False,False,False,0.1,['KDK-01'],KDK-01,1.0,0.6458571687813315,0.6820143484459603,168.52563700257616,,,,,,,,97.29333749108366,96.93899653374632,2205.195045020053,0.2113375046464922,0.6789881109459959,196.2929637512634,439.108307777864,33.483588227595924,292.3532743722426,-99999.9,-99999.9,-99999.9,1238.5967753137948,-99999.9,0.06987384265163384,90.0,65.5,36.35154084833743,36.34173092980844,36.3784500295357,750.0
75,,,KDK-01,,0.39528,0.01073,-65.12969,-7.91715,5,Farley2000,0.04672,FC,Clwt,[0.0001 0.02  ],False,0.25,True,temperature,True,1,model_output/without_anomalies/thermal_history_datafiles,1.57e-18,3.12e-17,4.916e-18,0.5,[65.],[90.],0.5,[['ATBRM']],[750.],['png'],"[0.3333333333333333, 0.3333333333333333, 0.3333333333333333, 0.3333333333333333]",[  0. 300.],[0.09 0.09],True,True,0.01,10000.0,100.0,[[1200.0]],model_output/without_anomalies,120.0,100,10,True,False,True,True,False,True,False,False,False,False,0.1,['KDK-01'],KDK-01,1.0,0.6495131966540996,0.69074964924089,166.5029514283823,,,,,,,,99.00623952712158,98.9245515177687,2205.195045020053,0.2113375046464933,0.6926629164107649,196.29296375126324,439.1083077778639,26.875609292316366,278.81068612292273,-99999.9,-99999.9,-99999.9,1238.5967753137948,-99999.9,0.0692908658006091,90.0,65.5,37.145003149980006,37.134978473099935,37.17250142637087,750.0
76,,,KDK-01,,0.39528,0.01073,-65.12969,-7.91715,5,Farley2000,0.04672,FC,Clwt,[0.0001 0.02  ],False,0.25,True,temperature,True,1,model_output/without_anomalies/thermal_history_datafiles,1.57e-18,3.12e-17,4.916e-18,0.5,[65.],[90.],0.5,[['ATBRM']],[1000.],['png'],"[0.3333333333333333, 0.3333333333333333, 0.3333333333333333, 0.3333333333333333]",[  0. 300.],[0.054 0.054],True,True,0.01,10000.0,100.0,[[1200.0]],model_output/without_anomalies,120.0,100,10,True,False,True,True,False,True,False,False,False,False,0.1,['KDK-01'],KDK-01,0.0,0.5258578110984276,0.4071426812014226,228.25609134792603,,,,,,,,72.40888133366803,63.18456180544727,2205.1950450200534,0.21133750464650847,0.5025033037280281,196.29296375126336,439.10830777786447,201.56839050396192,375.64819202107947,-99999.9,-99999.9,-99999.9,1238.596775313795,-99999.9,0.09522866511944034,90.0,65.5,29.15217496850296,29.145585890207705,29.16971127401206,1000.0
77,,,KDK-01,,0.39528,0.01073,-65.12969,-7.91715,5,Farley2000,0.04672,FC,Clwt,[0.0001 0.02  ],False,0.25,True,temperature,True,1,model_output/without_anomalies/thermal_history_datafiles,1.57e-18,3.12e-17,4.916e-18,0.5,[65.],[90.],0.5,[['ATBRM']],[1000.],['png'],"[0.3333333333333333, 0.3333333333333333, 0.3333333333333333, 0.3333333333333333]",[  0. 300.],[0.056 0.056],True,True,0.01,10000.0,100.0,[[1200.0]],model_output/without_anomalies,120.0,100,10,True,False,True,True,False,True,False,False,False,False,0.1,['KDK-01'],KDK-01,0.0,0.5414714688548976,0.41346577580948185,225.32783096720732,,,,,,,,74.27130921331691,65.17011678946079,2205.1950450200534,0.21133750464649556,0.5125984465753051,196.29296375126316,439.10830777786384,189.0090818087449,371.8529303369335,-99999.9,-99999.9,-99999.9,1238.596775313795,-99999.9,0.09284908919703976,90.0,65.5,30.170248504997332,30.16342781799355,30.188401219501845,1000.0
78,,,KDK-01,,0.39528,0.01073,-65.12969,-7.91715,5,Farley2000,0.04672,FC,Clwt,[0.0001 0.02  ],False,0.25,True,temperature,True,1,model_output/without_anomalies/thermal_history_datafiles,1.57e-18,3.12e-17,4.916e-18,0.5,[65.],[90.],0.5,[['ATBRM']],[1000.],['png'],"[0.3333333333333333, 0.3333333333333333, 0.3333333333333333, 0.3333333333333333]",[  0. 300.],[0.058 0.058],True,True,0.01,10000.0,100.0,[[1200.0]],model_output/without_anomalies,120.0,100,10,True,False,True,True,False,True,False,False,False,False,0.1,['KDK-01'],KDK-01,0.16666666666666666,0.5548583883476648,0.4221675883883571,222.22661220268046,,,,,,,,76.13374447341113,67.15567177348103,2205.1950450200534,0.21133750464649628,0.5226818477975401,196.29296375126327,439.108307777864,175.47832496552826,367.9297655267845,-99999.9,-99999.9,-99999.9,1238.596775313795,-99999.9,0.09083559397522235,90.0,65.5,31.188322041494153,31.18126974578368,31.20709116499061,1000.0
79,,,KDK-01,,0.39528,0.01073,-65.12969,-7.91715,5,Farley2000,0.04672,FC,Clwt,[0.0001 0.02  ],False,0.25,True,temperature,True,1,model_output/without_anomalies/thermal_history_datafiles,1.57e-18,3.12e-17,4.916e-18,0.5,[65.],[90.],0.5,[['ATBRM']],[1000.],['png'],"[0.3333333333333333, 0.3333333333333333, 0.3333333333333333, 0.3333333333333333]",[  0. 300.],[0.06 0.06],True,True,0.01,10000.0,100.0,[[1200.0]],model_output/without_anomalies,120.0,100,10,True,False,True,True,False,True,False,False,False,False,0.1,['KDK-01'],KDK-01,0.3333333333333333,0.5614380970312766,0.4354708395287369,218.57748837082,,,,,,,,77.99617973346511,69.1412267575005,2205.1950450200534,0.2113375046464959,0.5343713229447843,196.29296375126327,439.1083077778638,161.09348684711577,363.87450601101233,-99999.9,-99999.9,-99999.9,1238.596775313795,-99999.9,0.08903803516773828,90.0,65.5,32.206395577964464,32.199111673550945,32.22578111043677,1000.0
80,,,KDK-01,,0.39528,0.01073,-65.12969,-7.91715,5,Farley2000,0.04672,FC,Clwt,[0.0001 0.02  ],False,0.25,True,temperature,True,1,model_output/without_anomalies/thermal_history_datafiles,1.57e-18,3.12e-17,4.916e-18,0.5,[65.],[90.],0.5,[['ATBRM']],[1000.],['png'],"[0.3333333333333333, 0.3333333333333333, 0.3333333333333333, 0.3333333333333333]",[  0. 300.],[0.062 0.062],True,True,0.01,10000.0,100.0,[[1200.0]],model_output/without_anomalies,120.0,100,10,True,False,True,True,False,True,False,False,False,False,0.1,['KDK-01'],KDK-01,0.3333333333333333,0.56760068164436,0.4540728669762789,214.01670295396798,,,,,,,,79.85862236489571,71.12678174151691,2205.1950450200534,0.2113375046464986,0.5485297892668114,196.29296375126327,439.10830777786396,145.98677961107808,359.6826870363406,-99999.9,-99999.9,-99999.9,1238.596775313795,-99999.9,0.08730553001513983,90.0,65.5,33.22446911445833,33.21695360133639,33.24447105592857,1000.0
81,,,KDK-01,,0.39528,0.01073,-65.12969,-7.91715,5,Farley2000,0.04672,FC,Clwt,[0.0001 0.02  ],False,0.25,True,temperature,True,1,model_output/without_anomalies/thermal_history_datafiles,1.57e-18,3.12e-17,4.916e-18,0.5,[65.],[90.],0.5,[['ATBRM']],[1000.],['png'],"[0.3333333333333333, 0.3333333333333333, 0.3333333333333333, 0.3333333333333333]",[  0. 300.],[0.064 0.064],True,True,0.01,10000.0,100.0,[[1200.0]],model_output/without_anomalies,120.0,100,10,True,False,True,True,False,True,False,False,False,False,0.1,['KDK-01'],KDK-01,0.3333333333333333,0.5769052257628788,0.47971054136175423,209.15045170754638,,,,,,,,81.7210734213327,73.11233672553412,2205.1950450200534,0.21133750464649467,0.5650184520896447,196.29296375126344,439.1083077778639,130.3484787500191,355.34955214969875,-99999.9,-99999.9,-99999.9,1238.596775313795,-99999.9,0.0855384335746874,90.0,65.5,34.24254265094809,34.234795529116,34.26316100141432,1000.0
82,,,KDK-01,,0.39528,0.01073,-65.12969,-7.91715,5,Farley2000,0.04672,FC,Clwt,[0.0001 0.02  ],False,0.25,True,temperature,True,1,model_output/without_anomalies/thermal_history_datafiles,1.57e-18,3.12e-17,4.916e-18,0.5,[65.],[90.],0.5,[['ATBRM']],[1000.],['png'],"[0.3333333333333333, 0.3333333333333333, 0.3333333333333333, 0.3333333333333333]",[  0. 300.],[0.066 0.066],True,True,0.01,10000.0,100.0,[[1200.0]],model_output/without_anomalies,120.0,100,10,True,False,True,True,False,True,False,False,False,False,0.1,['KDK-01'],KDK-01,0.3333333333333333,0.58946665501839,0.5071860041667333,204.02788780654416,,,,,,,,83.58352447777854,75.09789170955139,2205.1950450200534,0.21133750464649284,0.582817847741545,196.29296375126341,439.1083077778639,114.51147084966578,350.87003146882256,-99999.9,-99999.9,-99999.9,1238.596775313795,-99999.9,0.08371633260918729,90.0,65.5,35.26061618745101,35.25263745691424,35.281850946899496,1000.0
83,,,KDK-01,,0.39528,0.01073,-65.12969,-7.91715,5,Farley2000,0.04672,FC,Clwt,[0.0001 0.02  ],False,0.25,True,temperature,True,1,model_output/without_anomalies/thermal_history_datafiles,1.57e-18,3.12e-17,4.916e-18,0.5,[65.],[90.],0.5,[['ATBRM']],[1000.],['png'],"[0.3333333333333333, 0.3333333333333333, 0.3333333333333333, 0.3333333333333333]",[  0. 300.],[0.068 0.068],True,True,0.01,10000.0,100.0,[[1200.0]],model_output/without_anomalies,120.0,100,10,True,False,True,True,False,True,False,False,False,False,0.1,['KDK-01'],KDK-01,0.3333333333333333,0.6048936185174827,0.537509834290778,198.71791079890383,,,,,,,,85.44597575135613,77.08344669357392,2205.1950450200534,0.21133750464649811,0.6002163234595398,196.29296375126336,439.10830777786384,99.16873997293216,346.2387164508385,-99999.9,-99999.9,-99999.9,1238.5967753137948,-99999.9,0.08189788737002143,90.0,65.5,36.27868972393389,36.27047938468658,36.300540892385186,1000.0
84,,,KDK-01,,0.39528,0.01073,-65.12969,-7.91715,5,Farley2000,0.04672,FC,Clwt,[0.0001 0.02  ],False,0.25,True,temperature,True,1,model_output/without_anomalies/thermal_history_datafiles,1.57e-18,3.12e-17,4.916e-18,0.5,[65.],[90.],0.5,[['ATBRM']],[1000.],['png'],"[0.3333333333333333, 0.3333333333333333, 0.3333333333333333, 0.3333333333333333]",[  0. 300.],[0.07 0.07],True,True,0.01,10000.0,100.0,[[1200.0]],model_output/without_anomalies,120.0,100,10,True,False,True,True,False,True,False,False,False,False,0.1,['KDK-01'],KDK-01,0.3333333333333333,0.6189198403091837,0.5690638836819181,193.34447321266532,,,,,,,,87.30844105109942,79.06900167758967,2205.1950450200534,0.21133750464649045,0.6154210715648527,196.29296375126336,439.10830777786396,86.09801714396525,341.4498307354744,-99999.9,-99999.9,-99999.9,1238.5967753137948,-99999.9,0.080200689297546,90.0,65.5,37.29676326041678,37.28832131246264,37.3192308378571,1000.0
85,,,KDK-01,,0.39528,0.01073,-65.12969,-7.91715,5,Farley2000,0.04672,FC,Clwt,[0.0001 0.02  ],False,0.25,True,temperature,True,1,model_output/without_anomalies/thermal_history_datafiles,1.57e-18,3.12e-17,4.916e-18,0.5,[65.],[90.],0.5,[['ATBRM']],[1000.],['png'],"[0.3333333333333333, 0.3333333333333333, 0.3333333333333333, 0.3333333333333333]",[  0. 300.],[0.072 0.072],True,True,0.01,10000.0,100.0,[[1200.0]],model_output/without_anomalies,120.0,100,10,True,False,True,True,False,True,False,False,False,False,0.1,['KDK-01'],KDK-01,0.3333333333333333,0.6195332140760452,0.6048463041054756,188.18638181050574,,,,,,,,89.17090635082185,81.05455666161222,2205.1950450200534,0.2113375046465013,0.6276238355293494,196.29296375126333,439.10830777786435,80.15121783084432,336.49719649813227,-99999.9,-99999.9,-99999.9,1238.5967753137948,-99999.9,0.07877226441771927,90.0,65.5,38.314836796903045,38.306163240242405,38.337920783331526,1000.0
86,,,KDK-01,,0.39528,0.01073,-65.12969,-7.91715,5,Farley2000,0.04672,FC,Clwt,[0.0001 0.02  ],False,0.25,True,temperature,True,1,model_output/without_anomalies/thermal_history_datafiles,1.57e-18,3.12e-17,4.916e-18,0.5,[65.],[90.],0.5,[['ATBRM']],[1000.],['png'],"[0.3333333333333333, 0.3333333333333333, 0.3333333333333333, 0.3333333333333333]",[  0. 300.],[0.074 0.074],True,True,0.01,10000.0,100.0,[[1200.0]],model_output/without_anomalies,120.0,100,10,True,False,True,True,False,True,False,False,False,False,0.1,['KDK-01'],KDK-01,0.6666666666666666,0.619912216670101,0.6338698710926872,184.19805584170567,,,,,,,,91.03337165056534,83.04011164563174,2205.1950450200534,0.21133750464649656,0.6376874796244166,196.29296375126341,439.1083077778643,75.19338927706363,331.37419559343437,-99999.9,-99999.9,-99999.9,1238.5967753137948,-99999.9,0.07776062398583411,90.0,65.5,39.332910333407746,39.32400516804008,39.356610728830546,1000.0
87,,,KDK-01,,0.39528,0.01073,-65.12969,-7.91715,5,Farley2000,0.04672,FC,Clwt,[0.0001 0.02  ],False,0.25,True,temperature,True,1,model_output/without_anomalies/thermal_history_datafiles,1.57e-18,3.12e-17,4.916e-18,0.5,[65.],[90.],0.5,[['ATBRM']],[1000.],['png'],"[0.3333333333333333, 0.3333333333333333, 0.3333333333333333, 0.3333333333333333]",[  0. 300.],[0.076 0.076],True,True,0.01,10000.0,100.0,[[1200.0]],model_output/without_anomalies,120.0,100,10,True,False,True,True,False,True,False,False,False,False,0.1,['KDK-01'],KDK-01,0.6666666666666666,0.6214253656604228,0.651647742683952,180.5665420850675,,,,,,,,92.89583935838803,85.02566662964732,2205.1950450200534,0.21133750464649909,0.6475332221226516,196.29296375126347,439.1083077778643,70.9333453434893,332.0231094583554,-99999.9,-99999.9,-99999.9,1238.5967753137948,-99999.9,0.07729006812983841,90.0,65.5,40.350983869883926,40.34184709580262,40.37530067431206,1000.0
88,,,KDK-01,,0.39528,0.01073,-65.12969,-7.91715,5,Farley2000,0.04672,FC,Clwt,[0.0001 0.02  ],False,0.25,True,temperature,True,1,model_output/without_anomalies/thermal_history_datafiles,1.57e-18,3.12e-17,4.916e-18,0.5,[65.],[90.],0.5,[['ATBRM']],[1000.],['png'],"[0.3333333333333333, 0.3333333333333333, 0.3333333333333333, 0.3333333333333333]",[  0. 300.],[0.078 0.078],True,True,0.01,10000.0,100.0,[[1200.0]],model_output/without_anomalies,120.0,100,10,True,False,True,True,False,True,False,False,False,False,0.1,['KDK-01'],KDK-01,1.0,0.623112204174041,0.6615786888531963,177.0589919405117,,,,,,,,94.75831750104105,87.01122161366514,2205.1950450200534,0.21133750464649448,0.6587333155109484,196.29296375126347,439.10830777786435,67.63780127532044,318.8862804174092,-99999.9,-99999.9,-99999.9,1238.5967753137948,-99999.9,0.07744421182995469,90.0,65.5,41.369057406378445,41.359689023594456,41.393990619786116,1000.0
89,,,KDK-01,,0.39528,0.01073,-65.12969,-7.91715,5,Farley2000,0.04672,FC,Clwt,[0.0001 0.02  ],False,0.25,True,temperature,True,1,model_output/without_anomalies/thermal_history_datafiles,1.57e-18,3.12e-17,4.916e-18,0.5,[65.],[90.],0.5,[['ATBRM']],[1000.],['png'],"[0.3333333333333333, 0.3333333333333333, 0.3333333333333333, 0.3333333333333333]",[  0. 300.],[0.08 0.08],True,True,0.01,10000.0,100.0,[[1200.0]],model_output/without_anomalies,120.0,100,10,True,False,True,True,False,True,False,False,False,False,0.1,['KDK-01'],KDK-01,1.0,0.6197164264780206,0.6704586472049037,173.80444787975827,,,,,,,,96.62079564367309,88.99677659768741,2205.1950450200534,0.21133750464649692,0.6717730496210131,196.29296375126336,439.10830777786447,62.25463896038098,305.1735997196173,-99999.9,-99999.9,-99999.9,1238.5967753137948,-99999.9,0.0782571955155714,90.0,65.5,42.38713094287253,42.37753095138078,42.412680565271906,1000.0
90,,,KDK-01,,0.39528,0.01073,-65.12969,-7.91715,5,Farley2000,0.04672,FC,Clwt,[0.0001 0.02  ],False,0.25,True,temperature,True,1,model_output/without_anomalies/thermal_history_datafiles,1.57e-18,3.12e-17,4.916e-18,0.5,[65.],[90.],0.5,[['ATBRM']],[1000.],['png'],"[0.3333333333333333, 0.3333333333333333, 0.3333333333333333, 0.3333333333333333]",[  0. 300.],[0.082 0.082],True,True,0.01,10000.0,100.0,[[1200.0]],model_output/without_anomalies,120.0,100,10,True,False,True,True,False,True,False,False,False,False,0.1,['KDK-01'],KDK-01,1.0,0.605948841428554,0.6801576594863776,170.67758251401935,,,,,,,,98.48327378632216,90.98233158170558,2205.1950450200534,0.21133750464649767,0.686230910050486,196.29296375126327,439.10830777786424,56.471315235931264,290.9808688271224,-99999.9,-99999.9,-99999.9,1238.5967753137948,-99999.9,0.0797180151312632,90.0,65.5,43.405204479368976,43.395372879169194,43.43137051076506,1000.0
91,,,KDK-01,,0.39528,0.01073,-65.12969,-7.91715,5,Farley2000,0.04672,FC,Clwt,[0.0001 0.02  ],False,0.25,True,temperature,True,1,model_output/without_anomalies/thermal_history_datafiles,1.57e-18,3.12e-17,4.916e-18,0.5,[65.],[90.],0.5,[['ATBRM']],[1000.],['png'],"[0.3333333333333333, 0.3333333333333333, 0.3333333333333333, 0.3333333333333333]",[  0. 300.],[0.084 0.084],True,True,0.01,10000.0,100.0,[[1200.0]],model_output/without_anomalies,120.0,100,10,True,False,True,True,False,True,False,False,False,False,0.1,['KDK-01'],KDK-01,1.0,0.5897923282845196,0.6834797429484497,170.90177736648394,,,,,,,,100.34575192894953,92.96788656572284,2205.1950450200534,0.21133750464649764,0.7011257690808312,196.2929637512635,439.10830777786384,50.57134694313122,276.41697157718295,-99999.9,-99999.9,-99999.9,1238.5967753137948,-99999.9,0.08179107402553686,90.0,65.5,44.423278015850016,44.41321480694284,44.45006045623414,1000.0
92,,,KDK-01,,0.39528,0.01073,-65.12969,-7.91715,5,Farley2000,0.04672,FC,Clwt,[0.0001 0.02  ],False,0.25,True,temperature,True,1,model_output/without_anomalies/thermal_history_datafiles,1.57e-18,3.12e-17,4.916e-18,0.5,[65.],[90.],0.5,[['ATBRM']],[1000.],['png'],"[0.3333333333333333, 0.3333333333333333, 0.3333333333333333, 0.3333333333333333]",[  0. 300.],[0.086 0.086],True,True,0.01,10000.0,100.0,[[1200.0]],model_output/without_anomalies,120.0,100,10,True,False,True,True,False,True,False,False,False,False,0.1,['KDK-01'],KDK-01,1.0,0.5748357282815321,0.6851692810895642,171.68743150155004,,,,,,,,102.20824098465023,94.95344154973915,2205.1950450200534,0.2113375046464931,0.7152972563786315,196.2929637512634,439.10830777786435,44.615239934966795,261.58008209949503,-99999.9,-99999.9,-99999.9,1238.5967753137948,-99999.9,0.0844434474501095,90.0,65.5,45.44135155235155,45.43105673473272,45.46875040174225,1000.0
93,,,KDK-01,,0.39528,0.01073,-65.12969,-7.91715,5,Farley2000,0.04672,FC,Clwt,[0.0001 0.02  ],False,0.25,True,temperature,True,1,model_output/without_anomalies/thermal_history_datafiles,1.57e-18,3.12e-17,4.916e-18,0.5,[65.],[90.],0.5,[['ATBRM']],[1000.],['png'],"[0.3333333333333333, 0.3333333333333333, 0.3333333333333333, 0.3333333333333333]",[  0. 300.],[0.088 0.088],True,True,0.01,10000.0,100.0,[[1200.0]],model_output/without_anomalies,120.0,100,10,True,False,True,True,False,True,False,False,False,False,0.1,['KDK-01'],KDK-01,1.0,0.5581803653529086,0.6842643763549029,172.63594798629015,,,,,,,,104.07073070749425,96.93899653375789,2205.1950450200534,0.21133750464649656,0.728021564927865,196.29296375126358,439.10830777786424,38.570207397224934,246.55140103938132,-99999.9,-99999.9,-99999.9,1238.5967753137948,2205.1950450200534,0.0876590814953338,90.0,65.5,46.45942508883003,46.44889866250851,46.48744034720099,1000.0
94,,,KDK-01,,0.39528,0.01073,-65.12969,-7.91715,5,Farley2000,0.04672,FC,Clwt,[0.0001 0.02  ],False,0.25,True,temperature,True,1,model_output/without_anomalies/thermal_history_datafiles,1.57e-18,3.12e-17,4.916e-18,0.5,[65.],[90.],0.5,[['ATBRM']],[1000.],['png'],"[0.3333333333333333, 0.3333333333333333, 0.3333333333333333, 0.3333333333333333]",[  0. 300.],[0.09 0.09],True,True,0.01,10000.0,100.0,[[1200.0]],model_output/without_anomalies,120.0,100,10,True,False,True,True,False,True,False,False,False,False,0.1,['KDK-01'],KDK-01,1.0,0.5315350762163633,0.6836651333140816,173.70427377910647,,,,,,,,105.933220430387,98.92455151777162,2205.1950450200534,0.2113375046464852,0.7395987831517724,196.2929637512631,439.1083077778643,32.45366280943339,231.4132062609533,-99999.9,-99999.9,-99999.9,1238.5967753137948,2151.745176290937,0.09142654163174581,90.0,65.5,47.47749862530268,47.466740590272536,47.50613029266837,1000.0
95,,,KDK-01,,0.39528,0.01073,-65.12969,-7.91715,5,Farley2000,0.04672,FC,Clwt,[0.0001 0.02  ],False,0.25,True,temperature,True,1,model_output/without_anomalies/thermal_history_datafiles,1.57e-18,3.12e-17,4.916e-18,0.5,[65.],[90.],0.5,[['ATBRM']],[1250.],['png'],"[0.3333333333333333, 0.3333333333333333, 0.3333333333333333, 0.3333333333333333]",[  0. 300.],[0.054 0.054],True,True,0.01,10000.0,100.0,[[1200.0]],model_output/without_anomalies,120.0,100,10,True,False,True,True,False,True,False,False,False,False,0.1,['KDK-01'],KDK-01,0.0,0.5462191087959002,0.4248010397173994,221.47727800725525,,,,,,,,76.80350834124361,63.133269700114084,2216.59583735788,0.2113375046464895,0.5261010747624891,196.2929637512634,439.1083077778639,175.03954098152127,368.5955444222716,-99999.9,-99999.9,-99999.9,1238.596775313795,-99999.9,0.0899640344418893,90.0,65.5,35.11306828146967,35.10621466605716,35.13089046854458,1250.0
96,,,KDK-01,,0.39528,0.01073,-65.12969,-7.91715,5,Farley2000,0.04672,FC,Clwt,[0.0001 0.02  ],False,0.25,True,temperature,True,1,model_output/without_anomalies/thermal_history_datafiles,1.57e-18,3.12e-17,4.916e-18,0.5,[65.],[90.],0.5,[['ATBRM']],[1250.],['png'],"[0.3333333333333333, 0.3333333333333333, 0.3333333333333333, 0.3333333333333333]",[  0. 300.],[0.056 0.056],True,True,0.01,10000.0,100.0,[[1200.0]],model_output/without_anomalies,120.0,100,10,True,False,True,True,False,True,False,False,False,False,0.1,['KDK-01'],KDK-01,0.0,0.5574214614951878,0.4424597723482508,216.67546843161557,,,,,,,,78.82026163072183,65.11663267040406,2216.59583735788,0.21133750464649814,0.5396708012609592,196.2929637512636,439.108307777864,159.49866466417194,364.25929742790083,-99999.9,-99999.9,-99999.9,1238.5967753137948,-99999.9,0.08815446502038445,90.0,65.5,36.3426068627856,36.33551115049895,36.3610586012595,1250.0
97,,,KDK-01,,0.39528,0.01073,-65.12969,-7.91715,5,Farley2000,0.04672,FC,Clwt,[0.0001 0.02  ],False,0.25,True,temperature,True,1,model_output/without_anomalies/thermal_history_datafiles,1.57e-18,3.12e-17,4.916e-18,0.5,[65.],[90.],0.5,[['ATBRM']],[1250.],['png'],"[0.3333333333333333, 0.3333333333333333, 0.3333333333333333, 0.3333333333333333]",[  0. 300.],[0.058 0.058],True,True,0.01,10000.0,100.0,[[1200.0]],model_output/without_anomalies,120.0,100,10,True,False,True,True,False,True,False,False,False,False,0.1,['KDK-01'],KDK-01,0.16666666666666666,0.5727466247144777,0.466731221885537,211.5007670777058,,,,,,,,80.83701757682333,67.09999564069854,2216.59583735788,0.21133750464650222,0.5561871805386862,196.29296375126336,439.10830777786384,143.20605792516253,359.76622181307323,-99999.9,-99999.9,-99999.9,1238.5967753137948,-99999.9,0.08632425269997426,90.0,65.5,37.57214544410006,37.56480763494054,37.591226733973215,1250.0
98,,,KDK-01,,0.39528,0.01073,-65.12969,-7.91715,5,Farley2000,0.04672,FC,Clwt,[0.0001 0.02  ],False,0.25,True,temperature,True,1,model_output/without_anomalies/thermal_history_datafiles,1.57e-18,3.12e-17,4.916e-18,0.5,[65.],[90.],0.5,[['ATBRM']],[1250.],['png'],"[0.3333333333333333, 0.3333333333333333, 0.3333333333333333, 0.3333333333333333]",[  0. 300.],[0.06 0.06],True,True,0.01,10000.0,100.0,[[1200.0]],model_output/without_anomalies,120.0,100,10,True,False,True,True,False,True,False,False,False,False,0.1,['KDK-01'],KDK-01,0.3333333333333333,0.5913082640207503,0.49805476888383077,206.0079707167576,,,,,,,,82.85377705674154,69.0833586109785,2216.59583735788,0.21133750464649448,0.574970245991672,196.29296375126367,439.10830777786396,126.45512991057835,355.11038988334974,-99999.9,-99999.9,-99999.9,1238.5967753137948,-99999.9,0.08465689434197944,90.0,65.5,38.801684025417316,38.79410411938194,38.82139486669848,1250.0
99,,,KDK-01,,0.39528,0.01073,-65.12969,-7.91715,5,Farley2000,0.04672,FC,Clwt,[0.0001 0.02  ],False,0.25,True,temperature,True,1,model_output/without_anomalies/thermal_history_datafiles,1.57e-18,3.12e-17,4.916e-18,0.5,[65.],[90.],0.5,[['ATBRM']],[1250.],['png'],"[0.3333333333333333, 0.3333333333333333, 0.3333333333333333, 0.3333333333333333]",[  0. 300.],[0.062 0.062],True,True,0.01,10000.0,100.0,[[1200.0]],model_output/without_anomalies,120.0,100,10,True,False,True,True,False,True,False,False,False,False,0.1,['KDK-01'],KDK-01,0.3333333333333333,0.6031477941044444,0.5291517132812673,200.2730257797939,,,,,,,,84.87054911647455,71.06672158126221,2216.59583735788,0.21133750464649434,0.5942247690600189,196.2929637512635,439.1083077778643,109.83112992907643,350.2854352966877,-99999.9,-99999.9,-99999.9,1238.5967753137948,-99999.9,0.08340643093886897,90.0,65.5,40.031222606732804,40.02340060382488,40.05156299940808,1250.0
100,,,KDK-01,,0.39528,0.01073,-65.12969,-7.91715,5,Farley2000,0.04672,FC,Clwt,[0.0001 0.02  ],False,0.25,True,temperature,True,1,model_output/without_anomalies/thermal_history_datafiles,1.57e-18,3.12e-17,4.916e-18,0.5,[65.],[90.],0.5,[['ATBRM']],[1250.],['png'],"[0.3333333333333333, 0.3333333333333333, 0.3333333333333333, 0.3333333333333333]",[  0. 300.],[0.064 0.064],True,True,0.01,10000.0,100.0,[[1200.0]],model_output/without_anomalies,120.0,100,10,True,False,True,True,False,True,False,False,False,False,0.1,['KDK-01'],KDK-01,0.3333333333333333,0.6020057871230822,0.56204692285146,194.42920910450607,,,,,,,,86.88732117620529,73.05008455155028,2216.59583735788,0.21133750464649373,0.6116007951722636,196.2929637512635,439.1083077778638,94.79119263943487,345.2845148480786,-99999.9,-99999.9,-99999.9,1238.5967753137948,-99999.9,0.08280816641544232,90.0,65.5,41.26076118804732,41.25269708826583,41.281731132122104,1250.0
101,,,KDK-01,,0.39528,0.01073,-65.12969,-7.91715,5,Farley2000,0.04672,FC,Clwt,[0.0001 0.02  ],False,0.25,True,temperature,True,1,model_output/without_anomalies/thermal_history_datafiles,1.57e-18,3.12e-17,4.916e-18,0.5,[65.],[90.],0.5,[['ATBRM']],[1250.],['png'],"[0.3333333333333333, 0.3333333333333333, 0.3333333333333333, 0.3333333333333333]",[  0. 300.],[0.066 0.066],True,True,0.01,10000.0,100.0,[[1200.0]],model_output/without_anomalies,120.0,100,10,True,False,True,True,False,True,False,False,False,False,0.1,['KDK-01'],KDK-01,0.3333333333333333,0.6023389435648544,0.6016012671552158,188.7748880727647,,,,,,,,88.9040983385964,75.03344752184151,2216.59583735788,0.2113375046464959,0.6255627635540855,196.29296375126324,439.10830777786424,86.76480813393863,340.1002634741426,-99999.9,-99999.9,-99999.9,1238.5967753137948,-99999.9,0.08300528769044849,90.0,65.5,42.49029976936866,42.481993572712845,42.511899264844914,1250.0
102,,,KDK-01,,0.39528,0.01073,-65.12969,-7.91715,5,Farley2000,0.04672,FC,Clwt,[0.0001 0.02  ],False,0.25,True,temperature,True,1,model_output/without_anomalies/thermal_history_datafiles,1.57e-18,3.12e-17,4.916e-18,0.5,[65.],[90.],0.5,[['ATBRM']],[1250.],['png'],"[0.3333333333333333, 0.3333333333333333, 0.3333333333333333, 0.3333333333333333]",[  0. 300.],[0.068 0.068],True,True,0.01,10000.0,100.0,[[1200.0]],model_output/without_anomalies,120.0,100,10,True,False,True,True,False,True,False,False,False,False,0.1,['KDK-01'],KDK-01,0.3333333333333333,0.6031440246928575,0.631501389862337,184.3822537487957,,,,,,,,90.92088514631726,77.01681049212544,2216.59583735788,0.21133750464649773,0.6367107186214308,196.29296375126313,439.1083077778639,81.6969654053745,334.72474137479145,-99999.9,-99999.9,-99999.9,1238.5967753137948,-99999.9,0.08401943950949088,90.0,65.5,43.719838350679936,43.71129005715344,43.742067397548894,1250.0
103,,,KDK-01,,0.39528,0.01073,-65.12969,-7.91715,5,Farley2000,0.04672,FC,Clwt,[0.0001 0.02  ],False,0.25,True,temperature,True,1,model_output/without_anomalies/thermal_history_datafiles,1.57e-18,3.12e-17,4.916e-18,0.5,[65.],[90.],0.5,[['ATBRM']],[1250.],['png'],"[0.3333333333333333, 0.3333333333333333, 0.3333333333333333, 0.3333333333333333]",[  0. 300.],[0.07 0.07],True,True,0.01,10000.0,100.0,[[1200.0]],model_output/without_anomalies,120.0,100,10,True,False,True,True,False,True,False,False,False,False,0.1,['KDK-01'],KDK-01,0.3333333333333333,0.5899162240510092,0.6453132703040861,180.5239742302725,,,,,,,,92.93767195403085,79.00017346241282,2216.59583735788,0.21133750464649528,0.6473510694068408,196.29296375126373,439.10830777786435,77.51805922461295,335.72280751786855,-99999.9,-99999.9,-99999.9,1238.5967753137948,-99999.9,0.08577054950638999,90.0,65.5,44.94937693199812,44.94058654159545,44.97223553027237,1250.0
104,,,KDK-01,,0.39528,0.01073,-65.12969,-7.91715,5,Farley2000,0.04672,FC,Clwt,[0.0001 0.02  ],False,0.25,True,temperature,True,1,model_output/without_anomalies/thermal_history_datafiles,1.57e-18,3.12e-17,4.916e-18,0.5,[65.],[90.],0.5,[['ATBRM']],[1250.],['png'],"[0.3333333333333333, 0.3333333333333333, 0.3333333333333333, 0.3333333333333333]",[  0. 300.],[0.072 0.072],True,True,0.01,10000.0,100.0,[[1200.0]],model_output/without_anomalies,120.0,100,10,True,False,True,True,False,True,False,False,False,False,0.1,['KDK-01'],KDK-01,0.3333333333333333,0.5713788091687069,0.65788244045485,176.8978753296408,,,,,,,,94.95446155055319,80.98353643269611,2216.59583735788,0.2113375046464927,0.6595284160992408,196.29296375126324,439.1083077778643,73.9967754416767,321.64403841223333,-99999.9,-99999.9,-99999.9,1238.5967753137948,-99999.9,0.08813346951857842,90.0,65.5,46.17891551331369,46.169883026036395,46.20240366299055,1250.0
105,,,KDK-01,,0.39528,0.01073,-65.12969,-7.91715,5,Farley2000,0.04672,FC,Clwt,[0.0001 0.02  ],False,0.25,True,temperature,True,1,model_output/without_anomalies/thermal_history_datafiles,1.57e-18,3.12e-17,4.916e-18,0.5,[65.],[90.],0.5,[['ATBRM']],[1250.],['png'],"[0.3333333333333333, 0.3333333333333333, 0.3333333333333333, 0.3333333333333333]",[  0. 300.],[0.074 0.074],True,True,0.01,10000.0,100.0,[[1200.0]],model_output/without_anomalies,120.0,100,10,True,False,True,True,False,True,False,False,False,False,0.1,['KDK-01'],KDK-01,0.6666666666666666,0.5541289249530567,0.6685208138570029,173.69243493072258,,,,,,,,96.97126185634527,82.9668994029869,2216.59583735788,0.2113375046464978,0.6738402543783525,196.2929637512635,439.1083077778643,70.9437204204454,306.91570593761276,-99999.9,-99999.9,-99999.9,1238.5967753137948,-99999.9,0.0910101118959935,90.0,65.5,47.408454094624105,47.39917951047694,47.43257179568906,1250.0
106,,,KDK-01,,0.39528,0.01073,-65.12969,-7.91715,5,Farley2000,0.04672,FC,Clwt,[0.0001 0.02  ],False,0.25,True,temperature,True,1,model_output/without_anomalies/thermal_history_datafiles,1.57e-18,3.12e-17,4.916e-18,0.5,[65.],[90.],0.5,[['ATBRM']],[1250.],['png'],"[0.3333333333333333, 0.3333333333333333, 0.3333333333333333, 0.3333333333333333]",[  0. 300.],[0.076 0.076],True,True,0.01,10000.0,100.0,[[1200.0]],model_output/without_anomalies,120.0,100,10,True,False,True,True,False,True,False,False,False,False,0.1,['KDK-01'],KDK-01,0.6666666666666666,0.5367417368194638,0.6740074464255331,171.9363909511022,,,,,,,,98.98806216213337,84.95026237326601,2216.59583735788,0.21133750464648487,0.6896690524216833,196.29296375126364,439.1083077778639,68.2089236320825,291.6544699355932,-99999.9,-99999.9,-99999.9,1238.5967753137948,-99999.9,0.09438202174332544,90.0,65.5,48.63799267594636,48.62847599492317,48.662739928420805,1250.0
107,,,KDK-01,,0.39528,0.01073,-65.12969,-7.91715,5,Farley2000,0.04672,FC,Clwt,[0.0001 0.02  ],False,0.25,True,temperature,True,1,model_output/without_anomalies/thermal_history_datafiles,1.57e-18,3.12e-17,4.916e-18,0.5,[65.],[90.],0.5,[['ATBRM']],[1250.],['png'],"[0.3333333333333333, 0.3333333333333333, 0.3333333333333333, 0.3333333333333333]",[  0. 300.],[0.078 0.078],True,True,0.01,10000.0,100.0,[[1200.0]],model_output/without_anomalies,120.0,100,10,True,False,True,True,False,True,False,False,False,False,0.1,['KDK-01'],KDK-01,0.8333333333333334,0.5050453088562367,0.6770676932831355,173.48835158176115,,,,,,,,101.00486246792914,86.93362534356179,2216.59583735788,0.21133750464649528,0.7056949812538483,196.29296375126333,439.10830777786396,65.67578521298829,275.9968710940015,-99999.9,-99999.9,-99999.9,1238.5967753137948,-99999.9,0.09830912748437712,90.0,65.5,49.86753125725932,49.85777247936097,49.892908061136495,1250.0
108,,,KDK-01,,0.39528,0.01073,-65.12969,-7.91715,5,Farley2000,0.04672,FC,Clwt,[0.0001 0.02  ],False,0.25,True,temperature,True,1,model_output/without_anomalies/thermal_history_datafiles,1.57e-18,3.12e-17,4.916e-18,0.5,[65.],[90.],0.5,[['ATBRM']],[1250.],['png'],"[0.3333333333333333, 0.3333333333333333, 0.3333333333333333, 0.3333333333333333]",[  0. 300.],[0.08 0.08],True,True,0.01,10000.0,100.0,[[1200.0]],model_output/without_anomalies,120.0,100,10,True,False,True,True,False,True,False,False,False,False,0.1,['KDK-01'],KDK-01,1.0,0.46907759029359447,0.676874826895361,175.30232798666265,,,,,,,,103.02167236693377,88.91698831384467,2216.59583735788,0.21133750464649345,0.7205285356075509,196.29296375126341,439.10830777786424,64.05050286907247,260.062790701449,-99999.9,-99999.9,-99999.9,1238.5967753137948,-99999.9,0.10287377568774407,90.0,65.5,51.09706983857544,51.0870689638047,51.12307619384828,1250.0
109,,,KDK-01,,0.39528,0.01073,-65.12969,-7.91715,5,Farley2000,0.04672,FC,Clwt,[0.0001 0.02  ],False,0.25,True,temperature,True,1,model_output/without_anomalies/thermal_history_datafiles,1.57e-18,3.12e-17,4.916e-18,0.5,[65.],[90.],0.5,[['ATBRM']],[1250.],['png'],"[0.3333333333333333, 0.3333333333333333, 0.3333333333333333, 0.3333333333333333]",[  0. 300.],[0.082 0.082],True,True,0.01,10000.0,100.0,[[1200.0]],model_output/without_anomalies,120.0,100,10,True,False,True,True,False,True,False,False,False,False,0.1,['KDK-01'],KDK-01,1.0,0.4331561198694743,0.675168024947512,177.31604699887006,,,,,,,,105.03848502681706,90.90035128413379,2216.59583735788,0.2113375046464963,0.7336648608918872,196.29296375126347,439.10830777786424,59.97438081433766,243.9505433265704,-99999.9,-99999.9,-99999.9,1238.5967753137948,2188.6450926562866,0.10811117112627583,90.0,65.5,52.3266084198925,52.31636544824894,52.35324432656327,1250.0
110,,,KDK-01,,0.39528,0.01073,-65.12969,-7.91715,5,Farley2000,0.04672,FC,Clwt,[0.0001 0.02  ],False,0.25,True,temperature,True,1,model_output/without_anomalies/thermal_history_datafiles,1.57e-18,3.12e-17,4.916e-18,0.5,[65.],[90.],0.5,[['ATBRM']],[1250.],['png'],"[0.3333333333333333, 0.3333333333333333, 0.3333333333333333, 0.3333333333333333]",[  0. 300.],[0.084 0.084],True,True,0.01,10000.0,100.0,[[1200.0]],model_output/without_anomalies,120.0,100,10,True,False,True,True,False,True,False,False,False,False,0.1,['KDK-01'],KDK-01,1.0,0.3988448916750291,0.6716436991688284,179.48740736020414,,,,,,,,107.05529768670871,92.88371425441736,2216.59583735788,0.21133750464649098,0.7460847638373974,196.29296375126347,439.108307777864,55.13137909364489,227.75913183273713,-99999.9,-99999.9,-99999.9,1238.5967753137948,2131.395236602656,0.11397387580182819,90.0,65.5,53.55614700120681,53.54566193268748,53.5834124592828,1250.0
111,,,KDK-01,,0.39528,0.01073,-65.12969,-7.91715,5,Farley2000,0.04672,FC,Clwt,[0.0001 0.02  ],False,0.25,True,temperature,True,1,model_output/without_anomalies/thermal_history_datafiles,1.57e-18,3.12e-17,4.916e-18,0.5,[65.],[90.],0.5,[['ATBRM']],[1250.],['png'],"[0.3333333333333333, 0.3333333333333333, 0.3333333333333333, 0.3333333333333333]",[  0. 300.],[0.086 0.086],True,True,0.01,10000.0,100.0,[[1200.0]],model_output/without_anomalies,120.0,100,10,True,False,True,True,False,True,False,False,False,False,0.1,['KDK-01'],KDK-01,1.0,0.36785356203411673,0.6653108466521883,181.34275730763787,,,,,,,,109.07211067236359,94.86707722470501,2216.59583735788,0.2113375046464931,0.7596415536420918,196.29296375126344,439.1083077778643,49.93634808326475,211.58257317059764,-99999.9,-99999.9,-99999.9,1238.5967753137948,2069.8952888605118,0.12034545076327909,90.0,65.5,54.785685582523655,54.77495841712954,54.813580592001394,1250.0
112,,,KDK-01,,0.39528,0.01073,-65.12969,-7.91715,5,Farley2000,0.04672,FC,Clwt,[0.0001 0.02  ],False,0.25,True,temperature,True,1,model_output/without_anomalies/thermal_history_datafiles,1.57e-18,3.12e-17,4.916e-18,0.5,[65.],[90.],0.5,[['ATBRM']],[1250.],['png'],"[0.3333333333333333, 0.3333333333333333, 0.3333333333333333, 0.3333333333333333]",[  0. 300.],[0.088 0.088],True,True,0.01,10000.0,100.0,[[1200.0]],model_output/without_anomalies,120.0,100,10,True,False,True,True,False,True,False,False,False,False,0.1,['KDK-01'],KDK-01,1.0,0.3415748159914306,0.6579491523155538,185.7552945448887,,,,,,,,111.0889346393256,96.85044019499362,2216.59583735788,0.21133750464649317,0.7757234228771228,196.29296375126324,439.10830777786373,44.522063571521066,195.51320580945256,-99999.9,-99999.9,-99999.9,1238.5967753137948,2028.6455042750122,0.12708012303782165,90.0,65.5,56.01522416383875,56.00425490157312,56.043748724711875,1250.0
113,,,KDK-01,,0.39528,0.01073,-65.12969,-7.91715,5,Farley2000,0.04672,FC,Clwt,[0.0001 0.02  ],False,0.25,True,temperature,True,1,model_output/without_anomalies/thermal_history_datafiles,1.57e-18,3.12e-17,4.916e-18,0.5,[65.],[90.],0.5,[['ATBRM']],[1250.],['png'],"[0.3333333333333333, 0.3333333333333333, 0.3333333333333333, 0.3333333333333333]",[  0. 300.],[0.09 0.09],True,True,0.01,10000.0,100.0,[[1200.0]],model_output/without_anomalies,120.0,100,10,True,False,True,True,False,True,False,False,False,False,0.1,['KDK-01'],KDK-01,1.0,0.32069006105315867,0.6477415385939773,190.19569387619708,,,,,,,,113.10575860628236,98.83380316527624,2216.59583735788,0.2113375046464819,0.794580524010129,196.29296375126336,439.10830777786384,38.898472075255995,179.64490719765544,-99999.9,-99999.9,-99999.9,1238.5967753137948,1995.4956481623904,0.13403360155964003,90.0,65.5,57.244762745152926,57.23355138601419,57.273916857424524,1250.0
114,,,KDK-01,,0.39528,0.01073,-65.12969,-7.91715,5,Farley2000,0.04672,FC,Clwt,[0.0001 0.02  ],False,0.25,True,temperature,True,1,model_output/without_anomalies/thermal_history_datafiles,1.57e-18,3.12e-17,4.916e-18,0.5,[65.],[90.],0.5,[['ATBRM']],[1500.],['png'],"[0.3333333333333333, 0.3333333333333333, 0.3333333333333333, 0.3333333333333333]",[  0. 300.],[0.054 0.054],True,True,0.01,10000.0,100.0,[[1200.0]],model_output/without_anomalies,120.0,100,10,True,False,True,True,False,True,False,False,False,False,0.1,['KDK-01'],KDK-01,0.0,0.5888155592359244,0.4825954478044318,208.6334094818651,,,,,,,,81.77463539876733,62.49252578970673,2466.5963612256305,0.21133750464650086,0.5644256110915014,196.29296375126327,439.108307777864,138.73432498094817,359.21803561704525,-99999.9,-99999.9,-99999.9,1238.5967753137948,-99999.9,0.08634593941032018,90.0,65.49999999999999,40.83434425622955,40.82704822580601,40.85314123278109,1500.0
115,,,KDK-01,,0.39528,0.01073,-65.12969,-7.91715,5,Farley2000,0.04672,FC,Clwt,[0.0001 0.02  ],False,0.25,True,temperature,True,1,model_output/without_anomalies/thermal_history_datafiles,1.57e-18,3.12e-17,4.916e-18,0.5,[65.],[90.],0.5,[['ATBRM']],[1500.],['png'],"[0.3333333333333333, 0.3333333333333333, 0.3333333333333333, 0.3333333333333333]",[  0. 300.],[0.056 0.056],True,True,0.01,10000.0,100.0,[[1200.0]],model_output/without_anomalies,120.0,100,10,True,False,True,True,False,True,False,False,False,False,0.1,['KDK-01'],KDK-01,0.0,0.5890458013595171,0.51874746422372,202.45090942196236,,,,,,,,83.96486729461775,64.44867537533051,2466.5963612256305,0.21133750464650172,0.5853732886436007,196.29296375126333,439.10830777786396,120.70894383190688,354.16207594149415,-99999.9,-99999.9,-99999.9,1238.5967753137948,-99999.9,0.08589466388956123,90.0,65.49999999999999,42.26478750121513,42.25723296697942,42.28425047002,1500.0
116,,,KDK-01,,0.39528,0.01073,-65.12969,-7.91715,5,Farley2000,0.04672,FC,Clwt,[0.0001 0.02  ],False,0.25,True,temperature,True,1,model_output/without_anomalies/thermal_history_datafiles,1.57e-18,3.12e-17,4.916e-18,0.5,[65.],[90.],0.5,[['ATBRM']],[1500.],['png'],"[0.3333333333333333, 0.3333333333333333, 0.3333333333333333, 0.3333333333333333]",[  0. 300.],[0.058 0.058],True,True,0.01,10000.0,100.0,[[1200.0]],model_output/without_anomalies,120.0,100,10,True,False,True,True,False,True,False,False,False,False,0.1,['KDK-01'],KDK-01,0.16666666666666666,0.5878635022793041,0.5528486364463858,196.07655777270034,,,,,,,,86.15511374869851,66.40482496094782,2466.5963612256305,0.21133750464649356,0.6053920139907877,196.29296375126344,439.1083077778639,103.53296532873973,348.9072830979276,-99999.9,-99999.9,-99999.9,1238.5967753137948,-99999.9,0.0865386441994544,90.0,65.49999999999999,43.695230746195186,43.68741770815003,43.715359707250286,1500.0
117,,,KDK-01,,0.39528,0.01073,-65.12969,-7.91715,5,Farley2000,0.04672,FC,Clwt,[0.0001 0.02  ],False,0.25,True,temperature,True,1,model_output/without_anomalies/thermal_history_datafiles,1.57e-18,3.12e-17,4.916e-18,0.5,[65.],[90.],0.5,[['ATBRM']],[1500.],['png'],"[0.3333333333333333, 0.3333333333333333, 0.3333333333333333, 0.3333333333333333]",[  0. 300.],[0.06 0.06],True,True,0.01,10000.0,100.0,[[1200.0]],model_output/without_anomalies,120.0,100,10,True,False,True,True,False,True,False,False,False,False,0.1,['KDK-01'],KDK-01,0.3333333333333333,0.5854467796984226,0.5936731708008842,189.80368072732819,,,,,,,,88.34536020278263,68.36097454657101,2466.5963612256305,0.2113375046464948,0.6218625135537934,196.29296375126324,439.1083077778638,91.86749127422024,343.44473362876795,-99999.9,-99999.9,-99999.9,1238.5967753137948,-99999.9,0.08824237822976619,90.0,65.49999999999999,45.12567399117936,45.11760244932626,45.14646894448133,1500.0
118,,,KDK-01,,0.39528,0.01073,-65.12969,-7.91715,5,Farley2000,0.04672,FC,Clwt,[0.0001 0.02  ],False,0.25,True,temperature,True,1,model_output/without_anomalies/thermal_history_datafiles,1.57e-18,3.12e-17,4.916e-18,0.5,[65.],[90.],0.5,[['ATBRM']],[1500.],['png'],"[0.3333333333333333, 0.3333333333333333, 0.3333333333333333, 0.3333333333333333]",[  0. 300.],[0.062 0.062],True,True,0.01,10000.0,100.0,[[1200.0]],model_output/without_anomalies,120.0,100,10,True,False,True,True,False,True,False,False,False,False,0.1,['KDK-01'],KDK-01,0.3333333333333333,0.5661991980609578,0.6266618718786896,184.75374761607128,,,,,,,,90.53562020407657,70.31712413219054,2466.5963612256305,0.21133750464649392,0.6345636801700851,196.29296375126336,439.10830777786396,86.3364964508031,337.7647419076448,-99999.9,-99999.9,-99999.9,1238.5967753137948,-99999.9,0.09078950613116488,90.0,65.49999999999999,46.55611723616801,46.54778719050232,46.57757818172537,1500.0
119,,,KDK-01,,0.39528,0.01073,-65.12969,-7.91715,5,Farley2000,0.04672,FC,Clwt,[0.0001 0.02  ],False,0.25,True,temperature,True,1,model_output/without_anomalies/thermal_history_datafiles,1.57e-18,3.12e-17,4.916e-18,0.5,[65.],[90.],0.5,[['ATBRM']],[1500.],['png'],"[0.3333333333333333, 0.3333333333333333, 0.3333333333333333, 0.3333333333333333]",[  0. 300.],[0.064 0.064],True,True,0.01,10000.0,100.0,[[1200.0]],model_output/without_anomalies,120.0,100,10,True,False,True,True,False,True,False,False,False,False,0.1,['KDK-01'],KDK-01,0.3333333333333333,0.5465426184066954,0.6426339861180377,180.59567028658722,,,,,,,,92.72588250601223,72.27327371781475,2466.5963612256305,0.21133750464649623,0.6460524065516309,196.29296375126341,439.1083077778644,81.93407591655027,339.6009168939874,-99999.9,-99999.9,-99999.9,1238.5967753137948,-99999.9,0.09393124428728154,90.0,65.49999999999999,47.98656048115133,47.977971931672826,48.00868741896474,1500.0
120,,,KDK-01,,0.39528,0.01073,-65.12969,-7.91715,5,Farley2000,0.04672,FC,Clwt,[0.0001 0.02  ],False,0.25,True,temperature,True,1,model_output/without_anomalies/thermal_history_datafiles,1.57e-18,3.12e-17,4.916e-18,0.5,[65.],[90.],0.5,[['ATBRM']],[1500.],['png'],"[0.3333333333333333, 0.3333333333333333, 0.3333333333333333, 0.3333333333333333]",[  0. 300.],[0.066 0.066],True,True,0.01,10000.0,100.0,[[1200.0]],model_output/without_anomalies,120.0,100,10,True,False,True,True,False,True,False,False,False,False,0.1,['KDK-01'],KDK-01,0.3333333333333333,0.5288894295678189,0.6554767666746031,176.817927877211,,,,,,,,94.91615041804569,74.22942330343773,2466.5963612256305,0.21133750464649995,0.659120313150145,196.29296375126316,439.1083077778639,78.37678720484166,324.48006280951114,-99999.9,-99999.9,-99999.9,1238.5967753137948,-99999.9,0.09754029714407085,90.0,65.49999999999999,49.41700372613434,49.40815667284676,49.43979665619722,1500.0
121,,,KDK-01,,0.39528,0.01073,-65.12969,-7.91715,5,Farley2000,0.04672,FC,Clwt,[0.0001 0.02  ],False,0.25,True,temperature,True,1,model_output/without_anomalies/thermal_history_datafiles,1.57e-18,3.12e-17,4.916e-18,0.5,[65.],[90.],0.5,[['ATBRM']],[1500.],['png'],"[0.3333333333333333, 0.3333333333333333, 0.3333333333333333, 0.3333333333333333]",[  0. 300.],[0.068 0.068],True,True,0.01,10000.0,100.0,[[1200.0]],model_output/without_anomalies,120.0,100,10,True,False,True,True,False,True,False,False,False,False,0.1,['KDK-01'],KDK-01,0.3333333333333333,0.5007036163989181,0.6646579236028417,174.0756047125089,,,,,,,,97.10642741588467,76.18557288906374,2466.5963612256305,0.2113375046465027,0.6746866386635547,196.29296375126341,439.10830777786424,75.42336693169264,308.5946422331321,-99999.9,-99999.9,-99999.9,1238.5967753137948,-99999.9,0.10168313785805412,90.0,65.49999999999999,50.84744697111915,50.838341414021336,50.870905893433765,1500.0
122,,,KDK-01,,0.39528,0.01073,-65.12969,-7.91715,5,Farley2000,0.04672,FC,Clwt,[0.0001 0.02  ],False,0.25,True,temperature,True,1,model_output/without_anomalies/thermal_history_datafiles,1.57e-18,3.12e-17,4.916e-18,0.5,[65.],[90.],0.5,[['ATBRM']],[1500.],['png'],"[0.3333333333333333, 0.3333333333333333, 0.3333333333333333, 0.3333333333333333]",[  0. 300.],[0.07 0.07],True,True,0.01,10000.0,100.0,[[1200.0]],model_output/without_anomalies,120.0,100,10,True,False,True,True,False,True,False,False,False,False,0.1,['KDK-01'],KDK-01,0.3333333333333333,0.46009759063766825,0.6690434475401952,173.0208351570688,,,,,,,,99.29670441372622,78.14172247467936,2466.5963612256305,0.2113375046464959,0.6919612253421807,196.29296375126333,439.1083077778639,72.89690862001969,292.10322336077405,-99999.9,-99999.9,-99999.9,1238.5967753137948,-99999.9,0.1065660163117219,90.0,65.49999999999999,52.27789021610165,52.268526155191886,52.30201513067031,1500.0
123,,,KDK-01,,0.39528,0.01073,-65.12969,-7.91715,5,Farley2000,0.04672,FC,Clwt,[0.0001 0.02  ],False,0.25,True,temperature,True,1,model_output/without_anomalies/thermal_history_datafiles,1.57e-18,3.12e-17,4.916e-18,0.5,[65.],[90.],0.5,[['ATBRM']],[1500.],['png'],"[0.3333333333333333, 0.3333333333333333, 0.3333333333333333, 0.3333333333333333]",[  0. 300.],[0.072 0.072],True,True,0.01,10000.0,100.0,[[1200.0]],model_output/without_anomalies,120.0,100,10,True,False,True,True,False,True,False,False,False,False,0.1,['KDK-01'],KDK-01,0.3333333333333333,0.4185049746853677,0.6710657769461703,174.97309639005067,,,,,,,,101.48699115271162,80.09787206030566,2466.5963612256305,0.21133750464650378,0.7092197136286965,196.2929637512634,439.1083077778642,70.65665490315554,275.1724540407144,-99999.9,-99999.9,-99999.9,1238.5967753137948,-99999.9,0.11238396971801554,90.0,65.49999999999999,53.708333461084415,53.69871089636499,53.733124367900984,1500.0
124,,,KDK-01,,0.39528,0.01073,-65.12969,-7.91715,5,Farley2000,0.04672,FC,Clwt,[0.0001 0.02  ],False,0.25,True,temperature,True,1,model_output/without_anomalies/thermal_history_datafiles,1.57e-18,3.12e-17,4.916e-18,0.5,[65.],[90.],0.5,[['ATBRM']],[1500.],['png'],"[0.3333333333333333, 0.3333333333333333, 0.3333333333333333, 0.3333333333333333]",[  0. 300.],[0.074 0.074],True,True,0.01,10000.0,100.0,[[1200.0]],model_output/without_anomalies,120.0,100,10,True,False,True,True,False,True,False,False,False,False,0.1,['KDK-01'],KDK-01,0.6666666666666666,0.3783735782035815,0.6712288921376646,177.20663032111383,,,,,,,,103.67728177823722,82.05402164592729,2466.5963612256305,0.21133750464649403,0.724824429687398,196.2929637512634,439.108307777864,68.59346981347699,257.94810521359966,-99999.9,-99999.9,-99999.9,1238.5967753137948,-99999.9,0.11916518503668677,90.0,65.49999999999999,55.13877670607072,55.12889563754082,55.164233605141526,1500.0
125,,,KDK-01,,0.39528,0.01073,-65.12969,-7.91715,5,Farley2000,0.04672,FC,Clwt,[0.0001 0.02  ],False,0.25,True,temperature,True,1,model_output/without_anomalies/thermal_history_datafiles,1.57e-18,3.12e-17,4.916e-18,0.5,[65.],[90.],0.5,[['ATBRM']],[1500.],['png'],"[0.3333333333333333, 0.3333333333333333, 0.3333333333333333, 0.3333333333333333]",[  0. 300.],[0.076 0.076],True,True,0.01,10000.0,100.0,[[1200.0]],model_output/without_anomalies,120.0,100,10,True,False,True,True,False,True,False,False,False,False,0.1,['KDK-01'],KDK-01,0.6666666666666666,0.34252900017365434,0.6677759534318601,179.64032112486126,,,,,,,,105.86757240375749,84.0101712315507,2466.5963612256305,0.2113375046465043,0.7386319542776304,196.29296375126344,439.1083077778644,66.62299006751614,240.55820678279116,-99999.9,-99999.9,-99999.9,1238.5967753137948,2172.095563814777,0.12671411149054587,90.0,65.49999999999999,56.569219951054315,56.559080378714214,56.595342842374876,1500.0
126,,,KDK-01,,0.39528,0.01073,-65.12969,-7.91715,5,Farley2000,0.04672,FC,Clwt,[0.0001 0.02  ],False,0.25,True,temperature,True,1,model_output/without_anomalies/thermal_history_datafiles,1.57e-18,3.12e-17,4.916e-18,0.5,[65.],[90.],0.5,[['ATBRM']],[1500.],['png'],"[0.3333333333333333, 0.3333333333333333, 0.3333333333333333, 0.3333333333333333]",[  0. 300.],[0.078 0.078],True,True,0.01,10000.0,100.0,[[1200.0]],model_output/without_anomalies,120.0,100,10,True,False,True,True,False,True,False,False,False,False,0.1,['KDK-01'],KDK-01,0.8333333333333334,0.3131109036186867,0.662195654090695,182.22710073009915,,,,,,,,108.0578736294727,85.96632081716794,2466.5963612256305,0.211337504646492,0.7524392367774476,196.29296375126324,439.10830777786396,64.68169900078782,223.13097890376847,-99999.9,-99999.9,-99999.9,1238.5967753137948,2100.6456154677,0.13469354920860024,90.0,65.49999999999999,57.999663196037396,57.98926511988613,58.02645207961214,1500.0
127,,,KDK-01,,0.39528,0.01073,-65.12969,-7.91715,5,Farley2000,0.04672,FC,Clwt,[0.0001 0.02  ],False,0.25,True,temperature,True,1,model_output/without_anomalies/thermal_history_datafiles,1.57e-18,3.12e-17,4.916e-18,0.5,[65.],[90.],0.5,[['ATBRM']],[1500.],['png'],"[0.3333333333333333, 0.3333333333333333, 0.3333333333333333, 0.3333333333333333]",[  0. 300.],[0.08 0.08],True,True,0.01,10000.0,100.0,[[1200.0]],model_output/without_anomalies,120.0,100,10,True,False,True,True,False,True,False,False,False,False,0.1,['KDK-01'],KDK-01,1.0,0.29077740969130705,0.6537240506362136,187.79973557785084,,,,,,,,110.24817689210224,87.92247040279094,2466.5963612256305,0.21133750464649997,0.7685133903063558,196.29296375126341,439.1083077778639,62.72738193696482,205.77555858245066,-99999.9,-99999.9,-99999.9,1238.5967753137948,2042.5956872831773,0.14277196923282795,90.0,65.49999999999999,59.43010644102582,59.41944986105988,59.457561316861714,1500.0
128,,,KDK-01,,0.39528,0.01073,-65.12969,-7.91715,5,Farley2000,0.04672,FC,Clwt,[0.0001 0.02  ],False,0.25,True,temperature,True,1,model_output/without_anomalies/thermal_history_datafiles,1.57e-18,3.12e-17,4.916e-18,0.5,[65.],[90.],0.5,[['ATBRM']],[1500.],['png'],"[0.3333333333333333, 0.3333333333333333, 0.3333333333333333, 0.3333333333333333]",[  0. 300.],[0.082 0.082],True,True,0.01,10000.0,100.0,[[1200.0]],model_output/without_anomalies,120.0,100,10,True,False,True,True,False,True,False,False,False,False,0.1,['KDK-01'],KDK-01,1.0,0.2746275860751421,0.6419851024220031,193.46298390216123,,,,,,,,112.43848015472621,89.87861998841242,2466.5963612256305,0.21133750464650247,0.7878772897073694,196.29296375126327,439.10830777786424,61.15228607394957,188.61746746124538,-99999.9,-99999.9,-99999.9,1238.5967753137948,1995.4958448652599,0.15073135586660685,90.0,65.49999999999999,60.86054968600662,60.849634602233834,60.88867055408501,1500.0
129,,,KDK-01,,0.39528,0.01073,-65.12969,-7.91715,5,Farley2000,0.04672,FC,Clwt,[0.0001 0.02  ],False,0.25,True,temperature,True,1,model_output/without_anomalies/thermal_history_datafiles,1.57e-18,3.12e-17,4.916e-18,0.5,[65.],[90.],0.5,[['ATBRM']],[1500.],['png'],"[0.3333333333333333, 0.3333333333333333, 0.3333333333333333, 0.3333333333333333]",[  0. 300.],[0.084 0.084],True,True,0.01,10000.0,100.0,[[1200.0]],model_output/without_anomalies,120.0,100,10,True,False,True,True,False,True,False,False,False,False,0.1,['KDK-01'],KDK-01,1.0,0.2628771643837474,0.6278392665026329,199.25968535250257,,,,,,,,114.62879205844511,91.8347695740339,2466.5963612256305,0.21133750464649403,0.8100567865804462,196.29296375126324,439.1083077778643,57.16579964321505,171.78193503591686,-99999.9,-99999.9,-99999.9,1238.5967753137948,1927.0958413686883,0.1585090695808847,90.0,65.49999999999999,62.29099293099184,62.27981934340595,62.31977979132603,1500.0
130,,,KDK-01,,0.39528,0.01073,-65.12969,-7.91715,5,Farley2000,0.04672,FC,Clwt,[0.0001 0.02  ],False,0.25,True,temperature,True,1,model_output/without_anomalies/thermal_history_datafiles,1.57e-18,3.12e-17,4.916e-18,0.5,[65.],[90.],0.5,[['ATBRM']],[1500.],['png'],"[0.3333333333333333, 0.3333333333333333, 0.3333333333333333, 0.3333333333333333]",[  0. 300.],[0.086 0.086],True,True,0.01,10000.0,100.0,[[1200.0]],model_output/without_anomalies,120.0,100,10,True,False,True,True,False,True,False,False,False,False,0.1,['KDK-01'],KDK-01,1.0,0.2537650694581025,0.6091780845173396,204.76372236087263,,,,,,,,116.81910703960426,93.79091915965944,2466.5963612256305,0.21133750464649603,0.8336593452185246,196.29296375126341,439.108307777864,52.47200886458131,155.41126809322228,-99999.9,-99999.9,-99999.9,1238.5967753137948,1861.5960210363116,0.16618072930157216,90.0,65.49999999999999,63.72143617597531,63.7100040845809,63.75088902855687,1500.0
131,,,KDK-01,,0.39528,0.01073,-65.12969,-7.91715,5,Farley2000,0.04672,FC,Clwt,[0.0001 0.02  ],False,0.25,True,temperature,True,1,model_output/without_anomalies/thermal_history_datafiles,1.57e-18,3.12e-17,4.916e-18,0.5,[65.],[90.],0.5,[['ATBRM']],[1500.],['png'],"[0.3333333333333333, 0.3333333333333333, 0.3333333333333333, 0.3333333333333333]",[  0. 300.],[0.088 0.088],True,True,0.01,10000.0,100.0,[[1200.0]],model_output/without_anomalies,120.0,100,10,True,False,True,True,False,True,False,False,False,False,0.1,['KDK-01'],KDK-01,1.0,0.24618290817009,0.5864697956033511,209.90481487478195,,,,,,,,119.00942202077297,95.7470687452758,2466.5963612256305,0.2113375046464951,0.8573147968969432,196.29296375126341,439.10830777786424,47.471707717557564,139.65840384606892,-99999.9,-99999.9,-99999.9,1238.5967753137948,1821.996035061552,0.17387867005502905,90.0,65.49999999999999,65.15187942096308,65.14018882575637,65.18199826579956,1500.0
132,,,KDK-01,,0.39528,0.01073,-65.12969,-7.91715,5,Farley2000,0.04672,FC,Clwt,[0.0001 0.02  ],False,0.25,True,temperature,True,1,model_output/without_anomalies/thermal_history_datafiles,1.57e-18,3.12e-17,4.916e-18,0.5,[65.],[90.],0.5,[['ATBRM']],[1500.],['png'],"[0.3333333333333333, 0.3333333333333333, 0.3333333333333333, 0.3333333333333333]",[  0. 300.],[0.09 0.09],True,True,0.01,10000.0,100.0,[[1200.0]],model_output/without_anomalies,120.0,100,10,True,False,True,True,False,True,False,False,False,False,0.1,['KDK-01'],KDK-01,1.0,0.23981045281532692,0.5616570745313092,214.8375661835161,,,,,,,,121.19974127091446,97.70321833089405,2466.5963612256305,0.21133750464648793,0.8810088607934533,196.29296375126324,439.1083077778643,42.244100258594266,124.71735495292427,-99999.9,-99999.9,-99999.9,1238.5967753137948,1760.7960490867924,0.18169077115713494,90.0,65.49999999999999,66.58232266594476,66.57037356692899,66.61310750303011,1500.0
